0,2017-01-01,严重污染,454,365,430,501,8,131,6.43,4
1,2017-01-02,重度污染,220,296,161,246,12,92,3.14,24
2,2017-01-03,严重污染,338,354,290,380,17,137,5.61,9
3,2017-01-04,严重污染,393,360,344,452,18,145,7.28,8
4,2017-01-05,严重污染,276,345,224,275,15,109,5.55,5
5,2017-01-06,重度污染,245,350,194,190,23,104,4.28,7
6,2017-01-07,重度污染,211,327,165,128,17,80,3.22,6
7,2017-01-08,良,54,104,36,22,9,33,0.97,42
8,2017-01-09,优,49,67,32,44,6,36,0.76,38
9,2017-01-10,优,44,71,23,40,6,32,0.64,45
10,2017-01-11,良,77,198,56,81,18,70,1.54,14
11,2017-01-12,良,59,148,39,57,11,46,0.88,38
12,2017-01-13,优,30,35,7,20,4,19,0.38,60
13,2017-01-14,优,35,39,18,37,10,41,0.8,32
14,2017-01-15,良,72,197,51,69,10,48,0.99,18
15,2017-01-16,轻度污染,123,284,92,107,17,65,1.71,4
16,2017-01-17,中度污染,176,311,132,144,20,71,2.11,10
17,2017-01-18,良,53,74,37,50,9,48,0.83,26
18,2017-01-19,良,85,161,45,88,13,36,1.17,39
19,2017-01-20,优,40,45,21,34,7,31,0.69,48
20,2017-01-21,良,53,58,25,49,9,28,0.78,48
21,2017-01-22,优,36,8,23,34,10,38,0.79,37
22,2017-01-23,优,46,35,32,44,12,45,0.98,29
23,2017-01-24,轻度污染,114,239,85,100,27,73,2.04,15
24,2017-01-25,重度污染,221,314,171,186,38,91,3.22,14
25,2017-01-26,重度污染,203,289,159,196,25,62,2.66,33
26,2017-01-27,良,85,149,60,88,20,28,0.72,59
27,2017-01-28,严重污染,364,359,337,419,81,69,2.62,16
28,2017-01-29,良,80,166,39,75,10,16,0.72,61
29,2017-01-30,优,47,101,24,31,9,19,0.56,62
30,2017-01-31,轻度污染,102,310,75,86,27,40,1.26,45
0,2017-02-01,良,54,125,30,49,12,24,0.6,56
1,2017-02-02,轻度污染,107,264,80,101,29,58,1.53,31
2,2017-02-03,中度污染,196,327,154,181,43,83,2.57,25
3,2017-02-04,严重污染,294,358,247,280,49,92,3.23,33
4,2017-02-05,优,32,6,12,16,6,23,0.46,64
5,2017-02-06,优,35,14,12,23,6,26,0.47,55
6,2017-02-07,轻度污染,101,322,75,93,20,59,1.51,17
7,2017-02-08,良,60,221,32,50,6,26,0.73,56
8,2017-02-09,优,36,24,6,20,2,10,0.3,73
9,2017-02-10,优,38,23,6,22,2,13,0.31,74
10,2017-02-11,良,62,86,42,66,17,43,0.87,45
11,2017-02-12,轻度污染,138,306,104,132,41,76,2.28,23
12,2017-02-13,轻度污染,109,229,79,104,23,66,2.06,32
13,2017-02-14,重度污染,225,338,176,190,30,95,2.89,12
14,2017-02-15,严重污染,283,358,232,209,35,105,3.16,22
15,2017-02-16,轻度污染,145,289,107,71,18,54,1.44,47
16,2017-02-17,优,45,39,20,37,6,27,0.52,59
17,2017-02-18,轻度污染,111,255,83,119,25,71,1.58,25
18,2017-02-19,轻度污染,150,277,97,143,24,61,1.41,43
19,2017-02-20,优,39,15,10,31,4,23,0.42,62
20,2017-02-21,良,83,308,60,77,14,58,1.32,17
21,2017-02-22,轻度污染,106,313,76,50,6,40,1.08,41
22,2017-02-23,优,36,43,16,28,6,29,0.59,60
23,2017-02-24,优,43,80,25,39,9,43,0.76,45
24,2017-02-25,优,30,27,10,21,5,29,0.47,58
25,2017-02-26,优,44,50,27,45,9,49,0.76,41
26,2017-02-27,良,87,219,64,93,16,75,1.42,27
27,2017-02-28,优,34,1,14,29,6,32,0.52,58
0,2017-03-01,优,44,28,7,37,2,13,0.32,79
1,2017-03-02,良,61,105,36,73,11,50,0.81,40
2,2017-03-03,轻度污染,110,343,82,139,22,67,1.47,33
3,2017-03-04,轻度污染,112,273,83,107,24,68,1.54,47
4,2017-03-05,优,45,35,14,33,4,19,0.38,73
5,2017-03-06,优,44,54,16,44,5,34,0.61,48
6,2017-03-07,优,36,12,6,24,2,12,0.3,70
7,2017-03-08,优,35,15,9,29,2,20,0.39,68
8,2017-03-09,优,35,11,11,32,3,33,0.45,53
9,2017-03-10,良,55,85,30,60,10,59,0.79,41
10,2017-03-11,良,74,190,45,81,15,47,0.83,51
11,2017-03-12,优,41,43,6,27,2,11,0.26,79
12,2017-03-13,优,37,48,9,26,4,27,0.4,63
13,2017-03-14,优,42,74,17,44,6,38,0.52,52
14,2017-03-15,良,84,295,61,91,20,65,1.13,40
15,2017-03-16,轻度污染,149,361,112,153,23,86,1.35,39
16,2017-03-17,中度污染,159,354,120,159,18,68,1.07,46
17,2017-03-18,中度污染,184,359,140,168,14,65,1.13,67
18,2017-03-19,严重污染,272,366,221,249,31,78,2.02,79
19,2017-03-20,中度污染,184,363,142,146,18,72,1.34,39
20,2017-03-21,轻度污染,113,322,85,91,5,45,0.77,50
21,2017-03-22,中度污染,173,359,131,170,17,77,1.21,39
22,2017-03-23,中度污染,163,355,124,91,6,57,1.63,38
23,2017-03-24,良,82,263,59,0,2,46,0.96,34
24,2017-03-25,良,55,127,34,25,3,34,0.8,47
25,2017-03-26,优,36,14,11,26,2,20,0.33,70
26,2017-03-27,优,37,6,15,32,2,30,0.4,61
27,2017-03-28,良,80,220,56,90,8,50,0.65,52
28,2017-03-29,轻度污染,145,353,110,133,9,61,0.86,55
29,2017-03-30,轻度污染,119,311,88,131,14,54,1.14,46
30,2017-03-31,优,48,86,18,47,3,30,0.4,66
0,2017-04-01,良,61,119,28,73,5,50,0.58,48
1,2017-04-02,良,90,262,66,110,12,70,1.07,48
2,2017-04-03,中度污染,159,360,122,168,19,76,1.26,74
3,2017-04-04,中度污染,175,363,134,155,20,63,1.14,62
4,2017-04-05,良,83,224,61,60,5,27,0.61,95
5,2017-04-06,轻度污染,126,324,95,91,5,44,0.9,74
6,2017-04-07,轻度污染,103,280,76,120,7,43,0.79,60
7,2017-04-08,轻度污染,113,328,76,138,6,59,0.89,30
8,2017-04-09,良,86,349,63,100,6,45,0.88,46
9,2017-04-10,良,90,339,64,117,8,57,0.74,42
10,2017-04-11,良,61,204,27,66,3,31,0.38,62
11,2017-04-12,良,68,199,25,84,4,49,0.54,46
12,2017-04-13,良,91,307,52,131,13,60,1.03,49
13,2017-04-14,良,93,317,58,131,5,65,0.85,45
14,2017-04-15,良,69,115,34,86,4,48,0.48,63
15,2017-04-16,轻度污染,134,350,90,171,15,68,0.95,56
16,2017-04-17,中度污染,180,354,125,215,7,54,0.95,57
17,2017-04-18,良,65,145,22,78,2,17,0.24,81
18,2017-04-19,良,83,230,41,113,6,67,0.8,20
19,2017-04-20,良,72,227,37,92,2,43,0.69,46
20,2017-04-21,良,55,141,16,56,2,20,0.29,74
21,2017-04-22,良,85,325,41,118,7,41,0.46,68
22,2017-04-23,良,60,116,22,71,3,21,0.37,86
23,2017-04-23,良,60,116,22,71,3,21,0.37,86
24,2017-04-24,良,70,168,33,82,4,30,0.5,73
25,2017-04-25,优,39,40,11,37,2,22,0.27,59
26,2017-04-26,优,43,88,13,38,2,27,0.33,64
27,2017-04-27,优,45,87,14,46,2,32,0.31,62
28,2017-04-28,良,58,110,21,65,2,36,0.39,67
29,2017-04-29,良,75,166,38,99,2,39,0.39,69
30,2017-04-30,轻度污染,106,312,48,159,4,42,0.48,77
0,2017-05-01,良,82,222,40,112,7,44,0.7,71
1,2017-05-02,良,95,293,57,129,9,50,0.95,105
2,2017-05-03,轻度污染,104,324,72,121,8,47,0.85,79
3,2017-05-04,严重污染,420,354,336,772,2,21,0.29,79
4,2017-05-05,严重污染,256,312,185,438,3,21,0.31,64
5,2017-05-06,良,71,128,31,90,2,32,0.36,68
6,2017-05-07,良,64,113,26,75,3,40,0.4,78
7,2017-05-08,良,84,255,52,109,6,52,0.56,96
8,2017-05-09,良,81,280,45,97,6,25,0.51,107
9,2017-05-10,良,64,135,37,68,3,29,0.46,87
10,2017-05-11,良,91,271,28,130,3,30,0.32,69
11,2017-05-12,轻度污染,109,303,42,166,4,23,0.39,90
12,2017-05-13,良,61,142,18,71,2,15,0.25,72
13,2017-05-14,优,47,52,11,37,2,15,0.28,87
14,2017-05-15,良,58,183,20,58,5,23,0.52,94
15,2017-05-16,良,87,342,40,88,8,28,0.59,126
16,2017-05-17,轻度污染,118,358,58,111,8,34,0.68,151
17,2017-05-18,轻度污染,144,356,79,143,9,50,0.82,169
18,2017-05-19,轻度污染,145,351,83,152,8,39,0.79,153
19,2017-05-20,轻度污染,115,331,54,124,8,37,0.7,131
20,2017-05-20,轻度污染,115,331,54,124,8,37,0.7,131
21,2017-05-21,良,93,284,56,98,14,26,0.94,123
22,2017-05-22,良,62,241,42,60,7,33,1.15,40
23,2017-05-23,优,48,157,17,37,3,28,0.36,96
24,2017-05-24,良,54,176,16,51,2,41,0.38,77
25,2017-05-25,良,70,232,20,82,5,37,0.53,90
26,2017-05-26,良,90,289,43,94,8,48,0.58,110
27,2017-05-27,轻度污染,110,312,65,116,19,45,1.29,154
28,2017-05-28,轻度污染,150,359,87,137,15,34,1.36,167
29,2017-05-29,良,74,146,28,88,7,24,0.66,92
30,2017-05-30,良,69,169,39,68,2,36,0.64,91
31,2017-05-31,轻度污染,117,331,65,105,3,43,0.75,115
0,2017-06-01,良,69,213,22,56,3,27,0.6,113
1,2017-06-02,良,59,175,22,65,11,36,0.94,53
2,2017-06-03,良,60,194,28,55,4,34,0.69,75
3,2017-06-04,良,95,354,45,89,9,47,0.63,111
4,2017-06-05,轻度污染,108,361,63,113,15,59,0.91,119
5,2017-06-06,良,55,247,35,46,2,23,0.5,81
6,2017-06-07,良,78,302,45,53,2,29,0.6,85
7,2017-06-08,良,54,144,23,53,2,51,0.55,63
8,2017-06-09,良,89,289,28,88,4,50,0.59,103
9,2017-06-10,良,65,263,20,70,10,31,0.77,83
10,2017-06-11,良,79,298,31,83,6,46,0.64,88
11,2017-06-12,良,71,283,33,78,15,43,1.08,92
12,2017-06-13,良,68,255,39,62,4,41,0.81,98
13,2017-06-14,良,83,276,36,59,2,45,0.72,106
14,2017-06-15,轻度污染,104,295,37,89,3,44,0.59,150
15,2017-06-16,轻度污染,115,301,57,124,5,39,0.62,155
16,2017-06-17,轻度污染,134,341,79,155,10,36,0.87,177
17,2017-06-18,轻度污染,130,349,71,128,10,30,0.84,166
18,2017-06-19,良,91,317,35,58,2,25,0.57,146
19,2017-06-20,良,96,327,31,64,3,24,0.61,157
20,2017-06-21,轻度污染,101,332,49,83,7,28,0.86,151
21,2017-06-22,良,58,225,31,27,1,23,0.77,94
22,2017-06-23,优,46,132,18,11,2,18,0.66,85
23,2017-06-24,优,40,115,19,26,2,19,0.5,77
24,2017-06-25,良,63,233,25,44,2,30,0.5,84
25,2017-06-26,良,69,224,22,45,1,34,0.44,104
26,2017-06-27,轻度污染,135,356,69,106,5,39,0.79,150
27,2017-06-28,轻度污染,138,359,94,124,7,40,1.17,154
28,2017-06-29,轻度污染,108,332,59,86,5,30,0.82,152
29,2017-06-30,轻度污染,127,359,71,111,2,36,0.84,159
0,2017-07-01,轻度污染,137,362,89,132,3,40,0.97,154
1,2017-07-02,中度污染,157,362,93,122,6,31,1.08,157
2,2017-07-03,良,88,308,59,77,2,28,0.81,103
3,2017-07-04,良,73,270,48,55,2,37,0.8,88
4,2017-07-05,轻度污染,117,363,82,92,2,36,1.02,116
5,2017-07-06,良,96,356,69,49,3,31,1.37,71
6,2017-07-07,良,65,274,31,38,2,18,0.73,113
7,2017-07-08,良,80,313,36,57,1,28,0.63,129
8,2017-07-09,轻度污染,125,361,73,98,2,28,1.02,152
9,2017-07-10,良,80,301,24,52,2,30,0.5,124
10,2017-07-11,轻度污染,118,344,43,88,3,40,0.78,171
11,2017-07-12,轻度污染,136,363,73,131,3,38,0.92,165
12,2017-07-13,轻度污染,101,343,65,93,3,24,0.74,131
13,2017-07-14,良,71,284,32,62,2,34,0.64,112
14,2017-07-15,良,71,302,34,45,2,26,0.89,111
15,2017-07-16,轻度污染,110,365,63,84,2,34,1.11,123
16,2017-07-17,良,84,339,53,71,2,28,1.01,105
17,2017-07-18,良,87,344,62,80,2,26,0.89,91
18,2017-07-19,轻度污染,101,351,73,83,2,24,0.75,101
19,2017-07-20,轻度污染,127,361,96,113,2,29,0.78,104
20,2017-07-21,优,43,121,22,24,2,24,0.67,60
21,2017-07-22,优,37,60,21,35,2,29,0.61,46
22,2017-07-23,良,60,199,41,58,2,35,0.69,52
23,2017-07-24,良,60,206,40,57,2,38,0.76,26
24,2017-07-25,良,58,184,31,48,3,31,0.81,71
25,2017-07-26,优,41,60,21,33,2,29,0.68,62
26,2017-07-27,良,58,177,38,64,2,44,0.93,49
27,2017-07-28,良,54,156,26,57,2,41,0.71,62
28,2017-07-29,良,63,234,31,59,2,37,0.66,79
29,2017-07-30,良,83,306,36,66,2,33,0.65,104
30,2017-07-31,轻度污染,128,356,75,100,2,34,0.92,143
0,2017-08-01,良,98,346,67,86,2,29,0.96,92
1,2017-08-02,良,51,234,33,50,3,24,1.04,47
2,2017-08-03,优,47,168,19,37,2,17,0.6,85
3,2017-08-04,良,68,254,20,43,2,34,0.54,92
4,2017-08-05,良,75,281,25,57,2,33,0.62,108
5,2017-08-06,良,53,167,16,33,2,27,0.47,87
6,2017-08-07,优,50,144,9,32,2,29,0.4,90
7,2017-08-08,良,96,353,27,67,2,37,0.64,121
8,2017-08-09,良,59,246,21,34,2,23,0.54,103
9,2017-08-10,良,90,327,62,83,2,31,0.75,106
10,2017-08-11,轻度污染,123,358,89,98,2,36,1.14,88
11,2017-08-12,优,46,161,29,36,2,34,0.73,68
12,2017-08-13,良,60,277,39,50,2,34,0.87,49
13,2017-08-14,良,52,222,26,40,2,25,0.74,83
14,2017-08-15,良,77,317,52,73,3,30,0.91,94
15,2017-08-16,良,87,340,56,71,2,36,0.86,62
16,2017-08-17,优,48,176,21,34,2,26,0.67,73
17,2017-08-18,良,76,333,51,72,2,50,1.14,60
18,2017-08-19,良,64,299,41,50,2,31,1.0,75
19,2017-08-20,良,84,349,59,71,2,35,1.19,77
20,2017-08-21,轻度污染,103,359,68,92,2,36,1.04,108
21,2017-08-22,轻度污染,104,361,77,94,2,33,0.93,67
22,2017-08-23,优,48,177,10,28,2,25,0.51,81
23,2017-08-24,优,41,146,13,36,2,35,0.52,40
24,2017-08-25,优,38,102,8,34,2,35,0.41,38
25,2017-08-26,优,50,229,13,53,2,46,0.52,29
26,2017-08-27,优,35,81,16,27,2,27,0.52,55
27,2017-08-28,优,36,123,18,17,2,25,0.49,39
28,2017-08-29,优,43,207,14,45,3,34,0.47,41
29,2017-08-30,良,74,356,50,85,3,42,0.79,70
30,2017-08-31,轻度污染,106,359,79,97,2,33,0.88,65
0,2017-09-01,中度污染,177,366,134,149,2,38,1.39,71
1,2017-09-02,轻度污染,148,366,109,118,2,32,1.16,79
2,2017-09-03,良,77,319,55,77,3,29,0.77,87
3,2017-09-04,轻度污染,117,366,87,111,3,34,0.9,93
4,2017-09-05,良,67,295,39,59,2,33,0.65,51
5,2017-09-06,优,47,190,14,47,2,40,0.48,56
6,2017-09-07,良,85,333,42,97,2,46,0.72,102
7,2017-09-08,轻度污染,139,364,106,134,2,58,1.08,51
8,2017-09-09,轻度污染,110,352,78,115,2,31,1.12,148
9,2017-09-10,轻度污染,121,364,90,104,3,40,1.14,56
10,2017-09-11,优,43,142,19,36,2,38,0.5,46
11,2017-09-12,优,50,128,19,55,1,41,0.5,59
12,2017-09-13,轻度污染,101,348,70,120,5,56,1.07,94
13,2017-09-14,轻度污染,125,365,86,125,4,47,1.03,89
14,2017-09-15,良,83,312,58,98,3,59,0.84,59
15,2017-09-16,轻度污染,116,355,87,124,3,60,1.04,74
16,2017-09-17,优,36,39,10,30,2,32,0.37,53
17,2017-09-18,良,61,134,21,70,2,53,0.55,62
18,2017-09-19,优,47,97,12,48,2,44,0.44,42
19,2017-09-20,优,47,150,12,51,2,44,0.41,47
20,2017-09-21,良,88,308,55,115,7,73,0.94,66
21,2017-09-22,良,69,245,24,90,2,38,0.46,53
22,2017-09-23,轻度污染,117,354,46,183,5,68,0.82,47
23,2017-09-24,良,100,347,59,146,4,54,0.97,84
24,2017-09-25,轻度污染,103,345,75,129,7,45,1.44,79
25,2017-09-26,良,74,312,48,67,2,40,0.71,35
26,2017-09-27,良,53,238,26,58,3,47,0.92,14
27,2017-09-28,优,33,55,9,33,2,27,0.32,41
28,2017-09-29,良,74,288,40,95,3,67,0.72,34
29,2017-09-30,轻度污染,144,361,107,155,4,66,1.11,56
0,2017-10-01,轻度污染,111,352,73,91,1,47,0.75,52
1,2017-10-02,优,42,159,12,44,3,32,0.5,24
2,2017-10-03,优,34,109,15,33,1,32,0.43,23
3,2017-10-05,良,74,346,53,77,4,38,0.72,45
4,2017-10-06,良,91,353,67,89,5,47,0.78,43
5,2017-10-07,轻度污染,146,361,109,131,2,71,1.11,11
6,2017-10-08,中度污染,168,363,126,91,2,67,1.26,5
7,2017-10-09,优,45,179,29,10,2,29,0.64,20
8,2017-10-10,优,19,6,5,8,2,18,0.33,31
9,2017-10-11,优,22,15,10,20,2,26,0.41,22
10,2017-10-12,优,35,141,19,35,2,37,0.49,22
11,2017-10-13,良,53,234,35,53,1,45,0.75,22
12,2017-10-14,优,34,82,14,32,3,41,0.61,18
13,2017-10-15,良,64,266,46,52,2,38,1.01,21
14,2017-10-16,良,56,237,38,51,3,39,0.92,29
15,2017-10-17,良,92,319,68,80,2,46,1.19,25
16,2017-10-18,良,90,326,67,22,2,44,1.18,17
17,2017-10-19,良,74,261,53,20,1,36,1.16,24
18,2017-10-20,轻度污染,123,325,93,47,2,44,1.36,25
19,2017-10-21,轻度污染,103,308,75,57,2,36,1.31,36
20,2017-10-22,良,54,115,37,47,3,41,0.89,16
21,2017-10-23,优,49,91,34,43,2,36,0.66,24
22,2017-10-24,良,90,263,66,76,2,44,0.91,30
23,2017-10-25,轻度污染,141,350,106,58,2,52,1.27,16
24,2017-10-26,中度污染,195,360,149,17,2,65,1.56,11
25,2017-10-27,重度污染,217,352,166,0,2,65,1.54,20
26,2017-10-28,良,78,172,47,48,1,26,0.66,38
27,2017-10-29,优,27,4,7,21,2,24,0.34,39
28,2017-10-30,优,40,31,17,41,3,44,0.53,24
29,2017-10-31,良,83,229,56,98,4,69,0.94,7
0,2017-11-01,良,88,193,63,99,2,76,1.01,12
1,2017-11-02,良,75,113,50,84,5,55,0.91,27
2,2017-11-03,优,28,4,7,27,2,27,0.34,39
3,2017-11-04,良,56,102,33,60,3,51,0.73,22
4,2017-11-05,轻度污染,131,329,98,118,5,67,1.23,17
5,2017-11-06,中度污染,200,356,151,136,4,67,1.48,25
6,2017-11-07,轻度污染,129,265,86,74,2,43,0.93,35
7,2017-11-08,优,41,53,18,42,5,48,0.79,19
8,2017-11-09,良,75,179,50,89,5,61,1.34,8
9,2017-11-10,优,40,28,9,39,2,15,0.31,49
10,2017-11-11,优,35,38,16,34,3,34,0.42,24
11,2017-11-12,良,75,253,53,89,5,61,0.97,7
12,2017-11-13,良,63,165,26,71,2,30,0.62,38
13,2017-11-14,优,30,10,9,27,2,23,0.44,39
14,2017-11-15,优,38,54,14,36,2,35,0.51,35
15,2017-11-16,良,76,213,55,83,9,69,1.29,10
16,2017-11-17,良,57,154,24,59,4,32,0.67,40
17,2017-11-18,良,54,224,34,54,5,31,0.58,38
18,2017-11-19,轻度污染,115,346,86,114,8,69,1.27,8
19,2017-11-20,轻度污染,135,342,101,128,10,83,1.82,11
20,2017-11-21,中度污染,166,354,119,161,11,85,1.83,20
21,2017-11-22,优,35,45,7,33,2,16,0.33,52
22,2017-11-23,优,31,16,6,28,2,19,0.37,43
23,2017-11-24,优,40,49,18,44,5,31,0.53,33
24,2017-11-25,良,63,128,39,74,7,57,0.97,16
25,2017-11-26,优,36,27,10,27,2,22,0.39,49
26,2017-11-27,良,91,236,67,92,9,69,1.37,8
27,2017-11-28,良,75,127,39,78,4,39,0.86,36
28,2017-11-29,优,34,15,12,32,3,32,0.48,33
29,2017-11-30,优,45,116,22,46,6,41,0.68,28
0,2017-12-01,良,91,280,67,99,10,66,1.26,12
1,2017-12-02,中度污染,187,344,144,177,15,103,2.24,5
2,2017-12-03,良,79,191,52,72,6,41,0.92,40
3,2017-12-04,优,28,2,5,21,1,15,0.34,53
4,2017-12-05,优,44,34,22,46,5,43,0.72,27
5,2017-12-06,优,49,30,23,53,6,41,0.78,32
6,2017-12-07,优,27,2,8,25,4,19,0.42,39
7,2017-12-08,优,41,23,20,43,5,40,0.73,23
8,2017-12-09,良,56,41,33,62,8,58,1.04,16
9,2017-12-10,优,43,19,6,45,2,13,0.28,61
10,2017-12-11,优,28,6,5,20,2,15,0.32,54
11,2017-12-12,优,28,7,12,25,3,30,0.55,27
12,2017-12-13,优,49,82,31,49,6,50,0.87,10
13,2017-12-14,良,94,249,70,85,18,68,1.76,6
14,2017-12-15,良,62,179,35,57,6,34,0.85,37
15,2017-12-16,优,40,69,7,39,1,10,0.32,58
16,2017-12-17,优,46,54,24,48,5,48,0.76,30
17,2017-12-18,优,48,32,13,49,3,21,0.44,47
18,2017-12-19,良,55,102,34,66,8,47,0.74,20
19,2017-12-20,优,44,18,21,44,4,40,0.65,36
20,2017-12-21,良,74,126,51,77,12,77,1.33,9
21,2017-12-22,良,62,50,36,63,9,55,1.07,29
22,2017-12-23,优,50,20,30,55,10,60,1.02,13
23,2017-12-24,优,50,33,14,50,3,17,0.42,59
24,2017-12-25,优,46,33,28,46,8,44,0.69,28
25,2017-12-26,优,41,32,22,42,6,45,0.73,31
26,2017-12-27,轻度污染,101,176,75,91,10,69,1.45,7
27,2017-12-28,轻度污染,140,240,105,120,11,68,1.86,10
28,2017-12-29,重度污染,221,292,172,194,6,85,2.9,6
29,2017-12-30,中度污染,157,254,116,129,4,62,2.03,22
30,2017-12-31,良,55,40,29,62,5,47,0.83,21
0,2018-01-01,良,55,42,35,65,11,46,1.23,23
1,2018-01-02,优,46,44,27,48,6,35,0.94,28
2,2018-01-03,优,29,21,10,26,4,20,0.44,44
3,2018-01-04,优,28,56,14,27,4,31,0.51,32
4,2018-01-05,良,51,127,30,52,8,51,0.95,20
5,2018-01-06,优,29,44,14,27,5,38,0.57,35
6,2018-01-07,良,56,170,37,57,10,46,0.92,27
7,2018-01-08,良,51,111,12,56,3,10,0.34,60
8,2018-01-09,优,37,28,6,32,2,12,0.35,58
9,2018-01-10,优,32,14,5,20,2,8,0.3,62
10,2018-01-11,优,30,5,10,21,4,22,0.47,46
11,2018-01-12,良,77,222,55,77,12,72,1.32,11
12,2018-01-13,轻度污染,130,291,98,122,17,85,1.83,8
13,2018-01-14,中度污染,177,327,136,151,13,77,1.91,23
14,2018-01-15,优,48,23,29,52,7,48,0.94,29
15,2018-01-16,轻度污染,114,205,45,175,5,43,0.79,37
16,2018-01-17,良,77,80,43,106,9,51,1.09,31
17,2018-01-18,良,87,119,56,96,11,74,1.19,14
18,2018-01-19,轻度污染,108,174,80,119,14,78,1.56,19
19,2018-01-20,良,61,84,30,73,9,51,0.88,24
20,2018-01-21,良,63,106,35,74,20,47,1.3,21
21,2018-01-22,优,45,53,23,47,4,28,0.7,45
22,2018-01-23,优,35,12,8,29,3,14,0.44,58
23,2018-01-24,优,36,18,15,30,4,28,0.48,52
24,2018-01-25,优,29,38,8,21,3,26,0.44,52
25,2018-01-26,优,39,81,24,36,7,43,0.6,34
26,2018-01-27,轻度污染,105,307,78,92,14,71,1.48,9
27,2018-01-28,良,56,139,13,62,2,16,0.42,62
28,2018-01-29,良,55,106,8,61,3,18,0.37,59
29,2018-01-30,优,36,13,10,34,5,26,0.44,57
30,2018-01-31,良,61,93,19,70,6,28,0.47,54
0,2018-02-01,良,67,72,30,83,10,39,0.78,39
1,2018-02-02,优,35,5,7,29,4,11,0.36,67
2,2018-02-03,优,28,1,7,20,4,19,0.4,55
3,2018-02-04,优,37,10,17,34,7,33,0.57,43
4,2018-02-05,优,32,6,6,17,3,14,0.34,64
5,2018-02-06,良,61,109,41,53,12,51,0.9,29
6,2018-02-07,良,63,79,32,53,8,34,0.73,54
7,2018-02-08,良,69,84,48,68,11,54,0.96,32
8,2018-02-09,良,90,125,41,109,8,36,0.81,47
9,2018-02-10,优,41,9,9,41,3,12,0.36,67
10,2018-02-11,良,64,103,8,78,3,6,0.28,73
11,2018-02-12,良,52,58,10,55,4,13,0.38,66
12,2018-02-13,良,80,210,55,77,13,58,1.2,29
13,2018-02-14,优,43,18,14,35,3,19,0.44,69
14,2018-02-15,良,62,102,37,48,13,19,0.52,70
15,2018-02-16,轻度污染,105,151,75,97,14,23,0.61,64
16,2018-02-17,轻度污染,105,233,78,89,15,34,1.43,42
17,2018-02-18,轻度污染,148,329,113,95,14,48,1.86,47
18,2018-02-19,中度污染,185,348,140,75,23,44,2.18,52
19,2018-02-20,良,72,230,47,19,5,21,0.72,68
20,2018-02-21,良,51,147,32,41,7,26,0.66,60
21,2018-02-22,优,44,108,15,44,5,27,0.51,57
22,2018-02-23,优,48,112,20,48,5,30,0.63,53
23,2018-02-24,良,63,203,30,77,10,22,0.73,54
24,2018-02-25,良,75,222,54,66,10,42,0.88,41
25,2018-02-26,中度污染,159,340,120,120,21,71,1.66,43
26,2018-02-27,重度污染,219,353,169,171,12,57,2.05,38
27,2018-02-28,轻度污染,133,312,92,121,9,37,1.12,66
0,2018-03-01,优,48,63,14,48,3,15,0.38,75
1,2018-03-02,良,99,318,73,99,17,52,1.08,41
2,2018-03-03,重度污染,217,357,167,195,19,75,1.94,29
3,2018-03-04,轻度污染,135,344,61,198,7,37,0.89,38
4,2018-03-05,良,92,345,47,132,8,43,0.93,37
5,2018-03-06,良,65,261,45,65,10,40,0.95,44
6,2018-03-07,良,64,238,44,61,8,48,0.78,34
7,2018-03-08,良,61,212,42,58,5,35,0.73,59
8,2018-03-09,轻度污染,136,344,101,112,12,68,1.3,35
9,2018-03-10,中度污染,165,343,123,136,15,64,1.53,60
10,2018-03-11,良,83,210,60,69,16,47,1.33,51
11,2018-03-12,中度污染,183,343,141,147,11,72,1.7,43
12,2018-03-13,严重污染,289,358,238,9,10,93,2.08,71
13,2018-03-14,严重污染,293,362,242,0,16,80,2.61,54
14,2018-03-15,良,69,189,26,48,3,17,0.46,75
15,2018-03-16,良,57,199,31,63,6,29,0.59,62
16,2018-03-17,良,82,294,58,35,4,60,0.93,18
17,2018-03-18,轻度污染,135,337,102,21,2,54,1.02,41
18,2018-03-19,轻度污染,101,289,73,29,3,45,0.78,51
19,2018-03-20,优,44,92,22,39,3,32,0.48,61
20,2018-03-21,良,78,298,56,79,8,53,0.84,38
21,2018-03-22,轻度污染,114,329,85,103,7,65,0.96,47
22,2018-03-23,轻度污染,146,332,110,137,10,86,1.36,31
23,2018-03-24,轻度污染,117,302,85,84,9,60,1.12,63
24,2018-03-25,良,76,159,53,91,6,56,0.63,70
25,2018-03-26,中度污染,155,348,117,141,11,70,0.99,78
26,2018-03-27,重度污染,245,363,194,195,11,98,1.37,64
27,2018-03-28,严重污染,388,361,154,858,5,52,0.89,56
28,2018-03-29,轻度污染,115,295,44,178,12,45,0.86,51
29,2018-03-30,良,68,139,39,81,7,50,0.59,60
30,2018-03-31,轻度污染,128,320,96,148,12,80,1.05,56
0,2018-04-01,重度污染,221,361,173,209,14,78,1.51,102
1,2018-04-02,严重污染,283,362,229,211,10,61,1.82,104
2,2018-04-03,良,78,182,12,98,2,15,0.28,75
3,2018-04-04,优,34,1,21,20,2,30,0.44,36
4,2018-04-05,良,91,293,48,70,2,28,0.59,33
5,2018-04-05,良,91,293,48,70,2,28,0.59,33
6,2018-04-06,良,78,186,16,89,1,8,0.26,86
7,2018-04-07,良,52,47,15,43,3,18,0.31,86
8,2018-04-08,良,68,117,38,85,5,47,0.56,55
9,2018-04-09,轻度污染,112,323,83,121,20,62,1.36,65
10,2018-04-10,良,96,243,53,118,7,39,0.87,60
11,2018-04-11,优,50,36,17,53,3,33,0.32,66
12,2018-04-12,良,78,240,30,106,8,38,0.61,64
13,2018-04-13,良,64,267,37,59,8,54,1.18,34
14,2018-04-14,轻度污染,122,321,28,171,1,12,0.3,82
15,2018-04-15,良,66,171,22,84,3,27,0.33,74
16,2018-04-16,轻度污染,104,256,68,151,9,48,0.66,80
17,2018-04-17,轻度污染,142,350,97,217,9,40,0.81,100
18,2018-04-18,轻度污染,144,354,107,208,9,45,0.86,93
19,2018-04-19,中度污染,170,361,123,192,8,52,1.01,116
20,2018-04-20,中度污染,173,360,123,157,13,41,1.4,145
21,2018-04-21,轻度污染,102,350,72,49,3,36,1.03,67
22,2018-04-22,优,35,12,9,18,2,18,0.38,67
23,2018-04-23,优,41,67,15,32,2,24,0.41,76
24,2018-04-24,优,45,109,17,36,3,36,0.42,68
25,2018-04-25,良,61,138,30,62,3,43,0.46,81
26,2018-04-26,轻度污染,118,345,88,110,7,49,0.76,94
27,2018-04-27,轻度污染,111,326,41,169,3,39,0.58,87
28,2018-04-28,轻度污染,129,330,86,165,9,53,0.76,112
29,2018-04-29,中度污染,196,355,151,175,7,61,1.07,103
30,2018-04-30,良,62,149,28,69,4,23,0.65,85
0,2018-05-01,轻度污染,125,344,40,176,2,28,0.46,57
1,2018-05-02,优,45,47,15,43,2,22,0.28,70
2,2018-05-03,优,50,59,13,51,2,25,0.26,79
3,2018-05-04,良,87,287,57,108,7,53,0.59,89
4,2018-05-05,中度污染,179,360,78,246,4,45,0.52,70
5,2018-05-06,轻度污染,121,360,59,190,3,40,0.51,82
6,2018-05-07,轻度污染,102,340,55,137,8,34,0.76,115
7,2018-05-08,良,68,220,27,76,4,39,0.49,81
8,2018-05-09,良,86,267,43,96,7,46,0.63,100
9,2018-05-10,轻度污染,122,356,89,138,11,60,1.03,119
10,2018-05-11,轻度污染,105,352,78,107,5,50,0.84,86
11,2018-05-12,中度污染,190,362,139,132,3,43,1.51,80
12,2018-05-13,良,72,175,44,78,5,38,0.58,96
13,2018-05-14,中度污染,168,364,118,150,6,43,1.21,137
14,2018-05-15,良,95,303,67,102,4,39,1.02,101
15,2018-05-16,轻度污染,147,353,111,75,4,36,1.81,93
16,2018-05-17,良,64,226,43,52,2,27,0.95,60
17,2018-05-18,良,60,153,21,47,3,25,0.53,108
18,2018-05-19,良,78,324,36,70,4,41,0.74,100
19,2018-05-20,良,59,256,36,45,2,28,0.77,89
20,2018-05-21,良,82,339,60,25,2,36,1.02,35
21,2018-05-22,轻度污染,105,336,42,133,1,24,0.4,63
22,2018-05-23,轻度污染,142,357,56,231,4,39,0.47,77
23,2018-05-24,轻度污染,107,321,49,129,7,49,0.74,118
24,2018-05-25,轻度污染,111,327,60,126,6,38,0.76,131
25,2018-05-26,轻度污染,140,306,99,167,3,35,0.81,87
26,2018-05-27,良,89,254,42,125,2,31,0.35,83
27,2018-05-28,中度污染,188,359,64,256,2,22,0.24,67
28,2018-05-29,优,46,52,12,38,2,30,0.31,67
29,2018-05-30,良,56,126,12,36,2,32,0.34,94
30,2018-05-31,良,97,302,26,66,5,42,0.56,130
0,2018-06-01,良,91,252,26,66,2,44,0.47,130
1,2018-06-02,轻度污染,120,328,47,101,7,48,0.7,159
2,2018-06-03,良,92,257,53,125,3,37,0.64,105
3,2018-06-04,良,76,240,28,86,2,38,0.42,98
4,2018-06-05,轻度污染,110,327,38,117,6,44,0.55,135
5,2018-06-06,轻度污染,116,328,48,139,8,42,0.69,151
6,2018-06-07,良,71,200,23,58,2,23,0.48,113
7,2018-06-08,良,52,156,13,36,2,30,0.42,87
8,2018-06-09,良,52,174,20,43,2,29,0.53,81
9,2018-06-10,良,60,182,31,32,1,21,0.67,103
10,2018-06-11,良,88,295,63,61,1,29,0.78,106
11,2018-06-12,轻度污染,125,357,84,94,2,43,0.94,111
12,2018-06-13,良,77,260,46,38,2,30,0.88,82
13,2018-06-14,良,66,208,21,38,2,35,0.61,105
14,2018-06-15,轻度污染,130,362,80,46,4,28,1.41,128
15,2018-06-16,轻度污染,111,339,77,69,2,28,0.94,124
16,2018-06-17,良,77,255,45,59,2,27,0.77,121
17,2018-06-18,轻度污染,126,364,80,92,2,33,0.88,116
18,2018-06-19,良,92,343,49,69,3,26,0.91,119
19,2018-06-20,良,79,304,38,50,2,29,0.7,106
20,2018-06-21,良,91,302,25,61,5,33,0.71,133
21,2018-06-22,良,90,309,56,87,6,49,1.05,106
22,2018-06-23,轻度污染,128,358,55,84,3,32,0.8,181
23,2018-06-24,轻度污染,121,347,54,94,3,32,0.75,170
24,2018-06-25,轻度污染,109,363,76,113,4,41,1.02,143
25,2018-06-26,中度污染,183,365,124,44,3,34,1.58,141
26,2018-06-27,良,57,254,25,49,2,32,0.49,73
27,2018-06-28,优,40,130,8,23,3,21,0.3,79
28,2018-06-29,良,71,258,17,56,2,41,0.45,92
29,2018-06-30,轻度污染,108,361,31,74,4,33,0.83,140
0,2018-07-01,良,80,312,46,57,3,24,0.92,115
1,2018-07-02,良,72,302,42,55,2,22,0.76,92
2,2018-07-03,良,85,327,53,54,2,22,0.76,108
3,2018-07-04,轻度污染,112,360,57,78,2,29,0.82,138
4,2018-07-05,轻度污染,126,362,69,107,3,33,1.09,142
5,2018-07-06,良,92,326,33,54,2,23,0.87,142
6,2018-07-07,良,72,326,51,55,2,25,0.84,42
7,2018-07-08,良,81,349,50,29,2,21,0.83,91
8,2018-07-09,轻度污染,103,364,77,44,2,27,0.9,57
9,2018-07-10,优,49,241,32,34,2,20,0.69,63
10,2018-07-11,优,43,161,28,27,2,32,0.61,47
11,2018-07-12,优,44,187,30,25,2,28,0.7,46
12,2018-07-13,良,59,295,41,49,2,36,0.82,55
13,2018-07-14,良,80,353,49,43,2,22,0.72,95
14,2018-07-15,良,99,355,58,54,3,27,0.85,110
15,2018-07-16,优,45,181,26,29,2,25,0.72,58
16,2018-07-17,优,27,30,17,16,2,25,0.66,46
17,2018-07-18,轻度污染,105,362,78,58,2,24,1.22,67
18,2018-07-19,良,91,351,67,63,4,31,0.92,75
19,2018-07-20,轻度污染,114,364,83,57,3,26,1.02,104
20,2018-07-21,轻度污染,107,361,68,81,3,20,0.8,123
21,2018-07-22,良,69,287,42,50,2,24,0.77,71
22,2018-07-23,良,81,342,52,60,2,22,0.88,81
23,2018-07-24,优,27,33,16,22,2,16,0.59,32
24,2018-07-25,优,36,71,9,16,2,16,0.47,71
25,2018-07-26,优,48,165,10,28,2,22,0.49,86
26,2018-07-27,良,68,318,45,56,2,21,1.05,102
27,2018-07-28,良,94,344,53,66,2,19,1.04,128
28,2018-07-29,轻度污染,111,365,71,89,2,26,1.22,126
29,2018-07-30,轻度污染,116,365,71,87,2,26,1.1,126
30,2018-07-31,轻度污染,118,366,61,83,3,28,1.05,135
0,2018-08-01,轻度污染,109,366,55,83,2,25,1.03,148
1,2018-08-02,轻度污染,130,366,83,102,4,23,1.49,139
2,2018-08-03,良,100,349,53,81,2,26,0.97,123
3,2018-08-04,轻度污染,122,359,63,97,9,26,1.24,163
4,2018-08-05,良,67,288,35,58,3,18,0.8,94
5,2018-08-06,良,53,187,36,49,11,30,1.39,51
6,2018-08-07,良,86,339,58,64,2,24,1.24,89
7,2018-08-08,优,41,97,19,22,3,18,0.89,63
8,2018-08-09,良,67,259,24,35,1,25,0.92,98
9,2018-08-10,轻度污染,102,346,30,47,4,24,0.82,140
10,2018-08-11,良,69,227,40,46,2,22,1.03,107
11,2018-08-12,良,74,291,53,39,4,22,1.19,77
12,2018-08-13,良,66,299,46,49,2,22,1.01,103
13,2018-08-14,优,41,169,22,30,3,17,0.74,61
14,2018-08-15,优,37,119,12,27,1,21,0.5,66
15,2018-08-16,良,53,294,12,29,4,20,0.42,100
16,2018-08-17,良,100,359,32,63,2,30,0.63,152
17,2018-08-18,优,46,204,13,23,4,22,0.49,77
18,2018-08-19,优,40,129,20,36,2,27,0.73,51
19,2018-08-20,良,51,213,22,38,4,20,0.7,87
20,2018-08-21,优,44,101,12,32,1,24,0.43,84
21,2018-08-22,优,47,133,17,47,4,39,0.63,43
22,2018-08-23,良,51,132,15,40,2,27,0.58,86
23,2018-08-25,良,90,302,34,74,3,24,0.72,136
24,2018-08-27,轻度污染,114,351,59,83,5,29,1.02,147
25,2018-08-29,优,44,166,6,24,1,19,0.41,91
26,2018-08-31,良,62,303,14,30,2,21,0.51,119
0,2018-09-02,良,58,289,40,33,2,16,0.73,96
1,2018-09-03,优,46,179,16,15,6,14,0.41,59
2,2018-09-04,优,26,38,6,18,1,21,0.34,51
3,2018-09-05,优,37,84,10,30,3,28,0.41,65
4,2018-09-06,优,40,114,7,35,2,17,0.34,55
5,2018-09-07,优,25,20,4,17,2,14,0.3,48
6,2018-09-08,优,29,38,6,22,2,24,0.33,46
7,2018-09-09,良,55,230,22,54,4,38,0.52,61
8,2018-09-10,良,66,292,41,72,5,49,0.89,65
9,2018-09-11,良,71,316,43,72,5,38,0.76,71
10,2018-09-12,良,65,277,42,47,3,36,0.72,88
11,2018-09-13,轻度污染,109,363,79,100,4,47,0.93,91
12,2018-09-14,轻度污染,128,365,97,114,3,48,1.04,86
13,2018-09-15,优,39,122,17,25,1,19,0.38,51
14,2018-09-16,优,30,73,6,24,2,28,0.34,49
15,2018-09-17,优,42,199,11,42,2,44,0.42,30
16,2018-09-18,优,50,250,18,52,2,45,0.53,32
17,2018-09-19,良,53,259,25,58,7,50,0.68,23
18,2018-09-20,良,64,310,41,67,2,46,0.72,57
19,2018-09-21,优,48,183,16,45,2,26,0.36,39
20,2018-09-22,优,27,20,5,26,1,16,0.25,48
21,2018-09-23,优,29,56,5,27,2,19,0.26,39
22,2018-09-24,优,27,45,6,21,2,23,0.31,40
23,2018-09-25,优,47,203,21,48,3,29,0.6,61
24,2018-09-26,良,52,264,32,54,2,38,0.62,49
25,2018-09-27,良,85,347,62,80,4,56,0.89,33
26,2018-09-28,良,76,334,52,22,2,34,0.75,37
27,2018-09-29,优,22,3,6,13,4,21,0.32,37
28,2018-09-30,优,23,9,5,18,2,19,0.3,37
0,2018-10-01,优,31,36,7,19,3,17,0.3,59
1,2018-10-02,优,32,26,10,27,2,31,0.4,45
2,2018-10-03,优,37,41,11,32,3,38,0.44,44
3,2018-10-04,良,67,200,41,70,7,51,0.96,69
4,2018-10-05,轻度污染,105,346,78,94,7,52,1.2,66
5,2018-10-06,优,33,24,9,22,2,17,0.3,54
6,2018-10-07,优,35,38,9,34,2,35,0.34,34
7,2018-10-08,优,39,68,9,34,2,33,0.36,42
8,2018-10-09,优,23,12,3,14,2,12,0.22,43
9,2018-10-10,优,25,23,5,22,2,23,0.3,31
10,2018-10-11,优,32,45,9,29,2,32,0.32,33
11,2018-10-12,良,63,226,33,71,3,54,0.56,33
12,2018-10-13,轻度污染,107,355,80,103,6,69,0.97,44
13,2018-10-14,中度污染,179,366,136,147,4,73,1.22,52
14,2018-10-15,中度污染,200,365,152,122,4,67,1.41,33
15,2018-10-16,良,82,302,60,21,2,34,0.86,45
16,2018-10-17,良,54,197,32,38,2,39,0.65,28
17,2018-10-18,优,49,177,28,48,2,49,0.57,32
18,2018-10-19,良,60,264,41,56,3,54,0.64,40
19,2018-10-20,良,86,327,63,77,4,64,0.82,39
20,2018-10-21,轻度污染,144,355,108,118,6,80,1.27,26
21,2018-10-22,中度污染,168,366,121,86,4,58,1.21,33
22,2018-10-23,优,38,78,13,40,2,31,0.36,34
23,2018-10-24,良,70,225,40,88,3,61,0.77,20
24,2018-10-25,轻度污染,112,332,80,118,7,72,1.37,16
25,2018-10-26,优,45,92,4,46,2,9,0.21,52
26,2018-10-27,优,34,48,9,31,3,24,0.28,42
27,2018-10-28,优,37,66,4,27,2,9,0.2,65
28,2018-10-29,优,24,12,4,18,2,18,0.25,46
29,2018-10-30,优,33,44,10,31,2,36,0.42,32
30,2018-10-31,优,48,88,21,51,4,46,0.73,21
0,2018-11-01,良,70,219,43,71,5,59,0.94,23
1,2018-11-02,中度污染,151,361,113,130,7,92,1.48,17
2,2018-11-03,重度污染,210,365,160,157,7,87,1.68,34
3,2018-11-04,轻度污染,107,342,81,57,2,48,0.85,17
4,2018-11-05,优,29,23,18,26,2,35,0.45,17
5,2018-11-06,优,33,87,14,32,2,38,0.48,19
6,2018-11-07,良,52,246,26,53,3,48,0.69,10
7,2018-11-08,良,91,341,66,98,6,70,1.1,6
8,2018-11-09,良,63,243,34,63,3,40,0.66,32
9,2018-11-10,优,37,44,12,37,2,36,0.38,24
10,2018-11-11,良,70,231,44,78,4,54,0.73,22
11,2018-11-12,轻度污染,126,330,94,117,5,71,1.15,15
12,2018-11-13,重度污染,222,363,175,110,5,78,1.69,15
13,2018-11-14,严重污染,274,367,223,51,4,75,2.24,15
14,2018-11-15,良,92,296,65,17,2,32,0.87,30
15,2018-11-16,优,33,92,12,27,3,27,0.38,37
16,2018-11-17,良,67,311,41,77,6,58,0.79,10
17,2018-11-18,良,67,269,31,78,5,40,0.68,30
18,2018-11-19,良,77,271,43,93,9,62,1.01,10
19,2018-11-20,良,71,239,39,85,7,50,0.83,23
20,2018-11-21,优,44,127,19,47,3,30,0.49,33
21,2018-11-22,良,56,164,26,61,6,47,0.7,18
22,2018-11-23,良,92,286,67,103,12,61,1.38,6
23,2018-11-24,轻度污染,118,289,87,107,9,59,1.18,21
24,2018-11-25,轻度污染,117,248,87,113,7,69,1.3,11
25,2018-11-26,严重污染,252,321,204,233,10,101,2.25,6
26,2018-11-27,中度污染,192,287,56,282,2,30,0.51,40
27,2018-11-28,轻度污染,115,226,54,179,14,65,1.25,7
28,2018-11-29,轻度污染,104,229,56,156,13,63,1.51,8
29,2018-11-30,轻度污染,120,239,87,177,11,80,1.89,7
0,2018-12-01,中度污染,165,284,126,199,9,81,1.92,12
1,2018-12-02,重度污染,233,319,182,242,7,86,2.58,3
2,2018-12-03,中度污染,193,318,66,266,2,21,0.52,45
3,2018-12-04,良,61,197,15,71,2,22,0.36,38
4,2018-12-05,良,75,252,36,98,8,56,1.01,5
5,2018-12-06,优,37,107,9,38,2,15,0.36,46
6,2018-12-07,优,36,132,5,36,2,11,0.32,49
7,2018-12-08,优,38,156,8,35,3,19,0.32,47
8,2018-12-09,良,62,221,38,69,8,55,0.86,13
9,2018-12-10,良,78,244,56,88,11,63,1.1,8
10,2018-12-11,良,53,151,22,55,6,31,0.57,32
11,2018-12-12,良,54,104,27,59,7,52,0.76,17
12,2018-12-13,优,41,52,13,41,4,35,0.48,34
13,2018-12-14,良,71,153,45,73,9,62,0.93,12
14,2018-12-15,轻度污染,118,289,88,115,13,82,1.51,6
15,2018-12-16,轻度污染,101,220,66,108,7,58,1.27,29
16,2018-12-17,良,53,82,26,57,5,44,0.62,36
17,2018-12-18,良,52,68,26,56,5,48,0.74,26
18,2018-12-19,良,60,89,31,69,7,58,0.94,12
19,2018-12-20,良,81,187,53,93,9,71,1.17,5
20,2018-12-21,良,89,240,60,109,11,58,1.24,25
21,2018-12-28,优,41,124,8,41,4,15,0.36,42
22,2018-12-29,优,28,33,9,27,4,24,0.43,38
23,2018-12-30,优,31,25,13,30,4,34,0.49,27
24,2018-12-31,良,56,159,36,60,8,53,0.91,10
0,2019-01-01,良,53,128,35,52,8,42,0.82,22
1,2019-01-02,良,65,147,45,61,10,50,0.94,19
2,2019-01-03,中度污染,163,292,123,137,20,79,1.85,6
3,2019-01-04,优,49,106,22,44,5,27,0.54,46
4,2019-01-05,优,31,42,13,30,7,33,0.51,35
5,2019-01-06,良,85,196,60,91,11,67,1.2,8
6,2019-01-07,良,57,114,34,56,8,42,0.8,30
7,2019-01-08,优,31,50,9,27,3,24,0.39,45
8,2019-01-09,良,59,176,37,63,10,55,0.83,15
9,2019-01-10,轻度污染,104,267,77,112,13,76,1.47,7
10,2019-01-11,轻度污染,136,266,103,129,15,78,1.71,9
11,2019-01-12,重度污染,241,333,199,215,13,97,2.47,7
12,2019-01-13,中度污染,159,272,130,139,5,60,1.56,28
13,2019-01-14,中度污染,154,255,106,142,7,71,1.57,19
14,2019-01-15,良,54,124,7,60,3,15,0.36,49
15,2019-01-16,良,60,160,35,68,9,54,0.81,17
16,2019-01-17,良,66,135,42,74,12,58,1.01,15
17,2019-01-18,良,86,190,63,105,14,72,1.39,10
18,2019-01-19,优,34,22,11,33,5,23,0.4,45
19,2019-01-20,优,34,23,9,31,2,19,0.34,54
20,2019-01-21,良,53,97,22,59,6,41,0.57,35
21,2019-01-22,良,60,78,26,69,6,48,0.76,28
22,2019-01-23,优,47,47,22,51,5,44,0.66,31
23,2019-01-24,良,80,139,58,75,10,50,1.15,22
24,2019-01-25,优,35,18,11,34,3,20,0.41,48
25,2019-01-26,优,35,11,21,35,4,31,0.55,37
26,2019-01-27,良,90,224,50,102,9,44,0.88,29
27,2019-01-28,良,52,70,29,54,5,29,0.55,46
28,2019-01-29,轻度污染,135,290,102,134,15,71,1.42,13
29,2019-01-30,良,74,162,31,79,5,24,0.6,48
30,2019-01-31,优,33,15,11,22,4,16,0.43,49
0,2019-02-01,良,67,152,40,81,6,45,0.89,27
1,2019-02-02,轻度污染,138,333,103,134,7,53,1.39,17
2,2019-02-03,轻度污染,115,271,43,159,2,14,0.45,57
3,2019-02-04,良,77,172,41,99,5,24,0.8,43
4,2019-02-05,中度污染,153,253,97,221,9,25,0.88,35
5,2019-02-06,良,83,196,55,110,13,22,1.12,39
6,2019-02-07,优,35,50,7,28,2,8,0.32,61
7,2019-02-08,优,43,181,24,44,5,18,0.45,52
8,2019-02-09,优,31,56,8,19,3,11,0.33,56
9,2019-02-10,优,39,116,24,34,5,21,0.5,41
10,2019-02-11,良,55,163,36,51,7,28,0.72,39
11,2019-02-12,优,49,132,28,51,6,23,0.75,39
12,2019-02-13,优,39,77,21,31,2,21,0.54,44
13,2019-02-14,良,70,237,50,45,4,30,0.9,31
14,2019-02-15,优,35,83,10,18,2,9,0.32,61
15,2019-02-16,优,32,56,7,18,2,11,0.33,63
16,2019-02-17,优,33,60,12,21,3,21,0.41,55
17,2019-02-18,优,42,139,28,38,6,44,0.69,32
18,2019-02-19,轻度污染,115,273,86,44,4,36,0.96,42
19,2019-02-20,良,58,118,38,38,4,28,0.58,59
20,2019-02-21,轻度污染,120,257,90,64,5,49,1.1,45
21,2019-02-22,轻度污染,131,283,100,55,5,57,1.28,32
22,2019-02-23,中度污染,168,310,128,36,8,63,1.55,47
23,2019-02-24,轻度污染,110,243,80,14,4,46,0.96,48
24,2019-02-25,良,70,178,49,63,8,46,0.94,39
25,2019-02-26,良,71,177,50,77,9,56,0.91,27
26,2019-02-27,轻度污染,118,284,89,99,7,57,1.06,43
27,2019-02-28,轻度污染,106,270,75,104,6,51,0.9,50
0,2019-03-01,轻度污染,150,313,114,131,8,58,1.12,57
1,2019-03-02,重度污染,235,358,185,122,8,66,1.41,71
2,2019-03-03,重度污染,212,353,161,132,9,60,1.35,67
3,2019-03-04,轻度污染,141,309,106,69,5,51,1.04,59
4,2019-03-05,轻度污染,126,287,85,81,4,42,0.91,54
5,2019-03-06,优,37,73,7,19,1,14,0.29,71
6,2019-03-07,优,37,69,17,36,3,34,0.45,52
7,2019-03-08,良,81,287,56,100,8,55,0.74,44
8,2019-03-09,轻度污染,111,346,83,121,8,60,0.82,39
9,2019-03-10,轻度污染,144,354,109,66,4,52,0.97,41
10,2019-03-11,良,51,85,24,24,2,24,0.46,53
11,2019-03-12,优,36,8,4,25,1,9,0.25,69
12,2019-03-13,优,34,5,7,29,1,20,0.3,58
13,2019-03-14,优,39,23,6,38,2,21,0.3,58
14,2019-03-15,优,50,108,9,48,1,14,0.25,70
15,2019-03-16,良,56,122,22,63,3,36,0.49,42
16,2019-03-17,良,75,239,46,94,6,48,0.67,53
17,2019-03-18,轻度污染,130,354,98,140,9,69,0.84,57
18,2019-03-19,中度污染,168,356,126,170,8,74,0.98,70
19,2019-03-20,良,93,303,65,100,5,38,0.66,62
20,2019-03-21,优,38,31,5,25,1,8,0.26,70
21,2019-03-22,优,35,40,7,30,1,17,0.25,59
22,2019-03-23,优,41,119,10,31,2,11,0.26,72
23,2019-03-24,良,68,222,34,83,5,40,0.43,45
24,2019-03-25,良,54,131,22,61,2,37,0.45,54
25,2019-03-26,良,84,275,43,115,9,42,0.76,55
26,2019-03-27,轻度污染,103,321,66,133,6,51,0.96,47
27,2019-03-28,良,59,175,24,67,6,27,0.55,53
28,2019-03-29,良,73,240,22,92,3,30,0.41,47
29,2019-03-30,优,36,9,4,24,1,7,0.24,70
30,2019-03-31,优,33,8,8,29,1,23,0.32,54
0,2019-04-01,优,39,40,11,37,1,27,0.34,58
1,2019-04-02,良,57,186,27,65,5,37,0.57,51
2,2019-04-03,良,80,289,56,86,7,47,0.69,72
3,2019-04-04,轻度污染,106,305,70,124,6,52,0.65,74
4,2019-04-05,重度污染,210,354,38,282,3,22,0.32,66
5,2019-04-06,轻度污染,137,343,39,222,5,33,0.53,57
6,2019-04-07,良,76,233,39,101,7,38,0.59,64
7,2019-04-08,良,62,167,31,74,11,34,0.88,55
8,2019-04-09,优,38,34,22,30,2,20,0.48,57
9,2019-04-10,优,44,110,24,29,2,25,0.38,62
10,2019-04-11,良,64,272,45,63,1,36,0.43,63
11,2019-04-12,良,82,279,59,81,3,38,0.52,66
12,2019-04-13,轻度污染,118,336,82,95,3,36,0.57,63
13,2019-04-14,良,56,177,16,62,1,22,0.28,77
14,2019-04-15,良,76,303,43,95,5,40,0.45,65
15,2019-04-16,良,98,337,68,107,6,34,0.54,100
16,2019-04-17,轻度污染,141,348,106,134,8,51,0.97,103
17,2019-04-18,轻度污染,124,338,40,162,2,19,0.4,84
18,2019-04-19,良,62,177,20,72,2,25,0.4,68
19,2019-04-20,良,56,151,36,49,1,39,0.5,30
20,2019-04-21,轻度污染,112,340,59,163,4,40,0.8,55
21,2019-04-22,轻度污染,127,349,92,136,3,41,0.88,100
22,2019-04-23,轻度污染,127,356,95,100,1,28,0.72,68
23,2019-04-24,良,66,201,45,35,1,26,0.6,39
24,2019-04-25,优,38,43,8,18,2,14,0.23,77
25,2019-04-26,优,44,78,18,28,2,16,0.28,84
26,2019-04-27,良,56,209,37,39,2,25,0.41,57
27,2019-04-28,良,64,276,46,24,2,22,0.47,61
28,2019-04-29,轻度污染,135,359,101,48,2,34,0.84,68
29,2019-04-30,良,94,307,38,100,1,23,0.41,67
0,2019-05-01,优,42,64,12,36,2,25,0.26,71
1,2019-05-02,良,59,129,22,57,2,35,0.34,82
2,2019-05-03,良,82,287,50,91,6,42,0.57,97
3,2019-05-04,良,90,321,49,86,6,27,0.5,122
4,2019-05-05,良,56,156,21,54,1,14,0.24,81
5,2019-05-06,优,43,115,17,37,2,23,0.28,73
6,2019-05-07,良,52,163,22,50,2,30,0.3,76
7,2019-05-08,良,68,276,43,82,4,43,0.47,70
8,2019-05-09,良,66,215,37,67,2,36,0.46,83
9,2019-05-10,良,94,306,51,99,5,46,0.64,97
10,2019-05-11,轻度污染,117,346,70,99,5,38,0.84,123
11,2019-05-12,中度污染,166,319,87,178,4,26,0.82,80
12,2019-05-13,良,58,130,18,66,2,19,0.27,72
13,2019-05-14,良,85,248,52,116,6,44,0.6,92
14,2019-05-15,轻度污染,133,340,94,208,8,48,1.09,117
15,2019-05-16,轻度污染,111,320,68,138,3,36,0.74,121
16,2019-05-17,轻度污染,124,356,83,122,2,33,0.87,105
17,2019-05-18,良,56,216,36,48,2,25,0.61,58
18,2019-05-19,良,64,228,30,67,2,14,0.34,66
19,2019-05-20,优,48,111,12,46,1,15,0.25,73
20,2019-05-21,优,44,56,12,37,1,32,0.33,68
21,2019-05-22,良,58,113,19,55,1,48,0.51,74
22,2019-05-23,轻度污染,105,313,26,68,3,43,0.58,152
23,2019-05-24,良,99,307,44,107,5,51,0.72,123
24,2019-05-25,轻度污染,115,332,47,111,5,40,0.67,144
25,2019-05-26,良,65,269,36,62,3,24,0.83,75
26,2019-05-27,优,44,129,5,13,2,10,0.19,83
27,2019-05-28,优,46,150,11,33,2,29,0.29,80
28,2019-05-29,良,74,300,20,49,2,32,0.38,120
29,2019-05-30,良,60,258,19,53,3,22,0.36,94
30,2019-05-31,优,37,67,9,29,2,21,0.25,69
0,2019-06-01,良,72,260,28,72,4,38,0.47,96
1,2019-06-02,良,94,311,45,81,3,35,0.66,128
2,2019-06-03,良,75,265,26,52,2,24,0.51,127
3,2019-06-04,良,87,289,59,72,7,24,1.23,119
4,2019-06-05,良,73,282,45,61,2,30,0.89,89
5,2019-06-06,良,74,338,51,49,1,38,0.86,69
6,2019-06-07,良,88,338,58,41,1,19,0.69,119
7,2019-06-08,良,70,276,34,50,1,20,0.45,94
8,2019-06-09,优,40,122,5,18,2,15,0.27,78
9,2019-06-10,良,68,259,26,53,2,26,0.52,98
10,2019-06-11,良,79,334,49,64,2,25,0.96,92
11,2019-06-14,优,47,225,14,42,2,26,0.39,130
12,2019-06-15,良,59,263,21,52,5,26,0.7,108
13,2019-06-17,良,73,329,49,49,2,30,0.87,75
14,2019-06-18,轻度污染,104,360,61,64,2,29,0.81,147
15,2019-06-19,轻度污染,105,364,73,90,6,20,1.21,166
16,2019-06-20,轻度污染,102,363,61,79,3,30,0.82,133
17,2019-06-25,轻度污染,118,360,46,99,6,29,0.8,169
18,2019-06-26,轻度污染,107,348,42,83,5,24,0.83,156
19,2019-06-27,轻度污染,105,348,47,76,4,26,0.81,142
20,2019-06-28,良,72,317,25,41,2,16,0.6,129
21,2019-06-29,良,52,239,14,31,1,15,0.37,95
22,2019-06-30,优,36,84,4,17,2,11,0.29,73
0,2019-07-01,优,41,116,8,27,1,23,0.29,76
1,2019-07-02,良,76,286,22,63,2,31,0.59,109
2,2019-07-03,良,69,260,21,37,2,25,0.51,120
3,2019-07-04,轻度污染,107,339,29,71,3,38,0.55,145
4,2019-07-05,良,62,228,27,50,1,31,0.57,93
5,2019-07-06,优,24,26,7,14,2,14,0.31,46
6,2019-07-07,优,35,90,11,21,2,15,0.4,75
7,2019-07-12,良,62,316,24,45,2,26,0.53,129
8,2019-07-13,良,89,354,57,78,3,27,0.89,153
9,2019-07-14,优,46,218,15,28,2,17,0.48,122
10,2019-07-15,良,91,360,53,69,2,26,0.83,146
11,2019-07-16,良,61,297,37,51,3,27,0.8,102
12,2019-07-17,良,60,319,43,36,2,25,0.68,50
13,2019-07-18,良,90,359,65,63,2,25,0.93,107
14,2019-07-19,良,79,345,57,62,2,30,0.87,71
15,2019-07-20,良,78,356,57,58,2,31,0.75,51
16,2019-07-21,轻度污染,101,362,65,68,2,26,0.8,114
17,2019-07-22,轻度污染,105,364,78,99,2,45,1.1,73
18,2019-07-23,良,51,294,25,26,2,16,0.62,116
19,2019-07-24,良,60,314,33,56,2,28,0.71,108
20,2019-07-25,良,53,293,23,52,2,35,0.57,81
21,2019-07-26,良,72,332,36,65,2,23,0.68,148
0,2019-08-06,良,68,348,44,40,2,23,0.72,79
1,2019-08-07,良,55,253,17,24,2,19,0.55,101
2,2019-08-08,良,73,346,30,43,2,26,0.67,104
3,2019-08-09,良,71,348,41,51,1,21,0.7,87
4,2019-08-10,优,39,177,21,25,2,24,0.61,69
5,2019-08-11,优,25,71,14,23,1,21,0.55,29
6,2019-08-21,优,48,202,30,29,4,26,0.58,55
7,2019-08-22,优,34,90,13,31,2,33,0.55,42
8,2019-08-23,优,33,101,10,31,2,34,0.55,39
9,2019-08-24,优,49,180,14,42,2,32,0.48,77
10,2019-08-25,良,52,225,23,51,2,29,0.62,90
11,2019-08-26,良,99,363,74,88,2,38,0.86,77
12,2019-08-27,良,52,296,31,32,2,31,0.53,54
13,2019-08-28,优,26,61,4,25,2,22,0.3,45
0,2019-09-01,良,54,297,19,51,2,31,0.43,96
1,2019-09-02,良,66,341,24,58,2,34,0.51,113
2,2019-09-03,良,86,360,47,83,2,39,0.67,142
3,2019-09-04,良,87,362,53,80,3,39,0.76,120
4,2019-09-05,良,81,355,44,71,2,33,0.65,129
5,2019-09-06,良,87,347,47,82,2,39,0.7,142
6,2019-09-07,良,87,340,45,74,2,36,0.68,140
7,2019-09-08,良,70,240,33,71,2,35,0.62,121
8,2019-09-09,良,93,354,66,95,6,31,1.36,132
9,2019-09-10,优,19,33,9,11,2,19,0.47,54
10,2019-09-11,优,27,99,15,26,4,32,0.75,26
11,2019-09-12,优,30,104,18,29,2,24,0.54,52
12,2019-09-13,优,39,192,22,23,2,21,0.51,46
13,2019-09-14,优,28,104,11,25,2,27,0.38,53
14,2019-09-15,优,49,278,26,52,2,37,0.54,64
15,2019-09-16,优,43,201,17,43,3,28,0.53,66
16,2019-09-17,良,54,262,29,60,2,31,0.65,72
17,2019-09-18,优,27,69,5,23,2,19,0.27,59
18,2019-09-19,良,54,268,22,59,2,42,0.55,45
19,2019-09-20,良,60,285,36,69,2,40,0.68,64
20,2019-09-21,良,85,352,57,78,5,37,1.09,102
21,2019-09-22,轻度污染,108,365,78,73,4,29,1.27,117
22,2019-09-23,良,52,179,30,40,2,35,0.65,72
23,2019-09-24,优,37,54,11,34,2,29,0.4,67
24,2019-09-25,良,55,148,22,52,2,36,0.62,89
25,2019-09-26,良,64,223,33,56,2,35,0.67,113
26,2019-09-27,良,77,308,52,56,2,28,0.86,100
27,2019-09-28,良,83,292,56,66,2,31,0.82,110
28,2019-09-29,良,86,298,57,72,2,31,0.82,117
29,2019-09-30,良,97,350,71,96,3,33,0.93,96
0,2019-10-01,良,73,282,51,80,3,23,0.76,94
1,2019-10-02,良,71,286,50,56,2,23,0.87,110
2,2019-10-03,良,85,330,56,75,2,23,0.78,128
3,2019-10-04,优,24,53,13,16,2,11,0.39,42
4,2019-10-05,优,16,11,6,6,2,17,0.28,43
5,2019-10-06,优,33,144,21,29,1,36,0.39,22
6,2019-10-07,良,55,278,39,27,2,35,0.56,31
7,2019-10-08,优,23,38,6,21,2,21,0.27,43
8,2019-10-09,良,52,211,32,56,3,44,0.57,35
9,2019-10-10,良,65,297,46,44,2,30,0.54,33
10,2019-10-11,良,69,290,43,56,4,44,0.74,15
11,2019-10-12,良,60,257,27,70,14,56,1.33,7
12,2019-10-13,优,48,186,23,53,4,45,0.98,8
13,2019-10-14,优,22,25,8,19,2,25,0.29,30
14,2019-10-15,优,31,84,15,31,2,38,0.42,21
15,2019-10-16,优,43,177,26,43,2,45,0.5,15
16,2019-10-17,良,74,298,53,53,2,51,0.8,2
17,2019-10-18,良,79,291,58,44,1,42,0.8,23
18,2019-10-19,中度污染,160,358,121,84,2,57,1.21,16
19,2019-10-20,轻度污染,140,347,84,123,2,42,0.78,25
20,2019-10-21,优,47,94,16,52,2,43,0.52,21
21,2019-10-22,良,73,228,42,96,2,59,0.86,20
22,2019-10-23,轻度污染,103,314,77,120,3,67,1.07,39
23,2019-10-24,良,95,308,70,82,2,55,0.98,20
24,2019-10-25,优,21,48,7,18,2,22,0.3,38
25,2019-10-26,优,45,172,28,51,3,46,0.57,16
26,2019-10-27,良,71,267,52,78,3,57,0.78,15
27,2019-10-28,轻度污染,131,303,28,172,2,21,0.33,44
28,2019-10-29,良,63,195,30,81,3,52,0.6,19
29,2019-10-30,良,82,199,53,114,3,73,0.83,11
30,2019-10-31,良,66,133,37,85,3,59,0.95,25
31,2019-10-31,良,66,133,37,85,3,59,0.95,25
0,2019-11-01,良,60,149,26,69,5,52,0.81,18
1,2019-11-02,良,51,117,27,50,2,51,0.68,6
2,2019-11-03,良,53,146,32,46,3,33,0.59,18
3,2019-11-04,良,70,244,49,59,2,46,0.85,13
4,2019-11-05,良,67,198,44,59,3,43,0.79,20
5,2019-11-06,良,68,204,44,70,2,58,0.7,10
6,2019-11-07,优,47,120,25,50,2,38,0.52,25
7,2019-11-08,良,61,187,37,72,3,56,0.8,10
8,2019-11-09,轻度污染,111,287,80,93,2,65,1.0,8
9,2019-11-10,良,80,230,36,86,2,25,0.43,44
10,2019-11-11,优,48,83,16,51,2,41,0.48,25
11,2019-11-12,良,76,231,51,93,5,74,0.92,7
12,2019-11-13,优,50,146,9,59,2,13,0.23,51
13,2019-11-14,良,52,154,25,58,5,50,0.63,12
14,2019-11-15,良,64,176,35,78,6,52,0.92,9
15,2019-11-16,良,67,166,47,80,8,52,1.29,6
16,2019-11-17,轻度污染,137,324,55,185,5,37,0.93,22
17,2019-11-18,良,76,235,19,103,2,17,0.3,40
18,2019-11-19,良,53,140,19,61,2,31,0.37,32
19,2019-11-20,良,87,286,59,121,7,68,0.93,7
20,2019-11-21,轻度污染,118,339,89,157,8,77,1.59,3
21,2019-11-22,中度污染,179,354,136,179,9,93,2.41,3
22,2019-11-23,中度污染,183,341,138,143,6,72,1.65,16
23,2019-11-24,优,31,62,7,31,2,11,0.23,51
24,2019-11-25,优,28,82,12,28,3,31,0.37,20
25,2019-11-26,良,62,252,38,74,5,58,0.78,6
26,2019-11-27,优,25,39,7,21,2,24,0.29,39
27,2019-11-28,良,58,246,34,63,9,56,0.91,9
28,2019-11-29,良,79,290,57,77,7,64,1.04,3
29,2019-11-30,良,82,292,58,26,2,38,0.74,27
0,2019-12-01,优,29,40,11,29,4,17,0.34,52
1,2019-12-02,优,26,20,9,24,2,22,0.33,41
2,2019-12-03,优,43,71,15,44,3,38,0.46,33
3,2019-12-04,优,33,42,12,31,3,35,0.44,38
4,2019-12-05,优,37,64,21,38,4,37,0.69,27
5,2019-12-06,良,69,227,48,65,4,57,0.87,9
6,2019-12-07,良,71,182,51,68,4,61,0.89,11
7,2019-12-08,中度污染,181,321,139,139,2,75,1.68,2
8,2019-12-09,重度污染,231,347,181,180,2,87,2.03,3
9,2019-12-10,轻度污染,136,284,103,115,3,52,1.48,24
10,2019-12-11,优,20,8,6,15,2,22,0.31,39
11,2019-12-12,优,35,29,18,35,3,45,0.57,20
12,2019-12-13,优,44,37,22,48,4,40,0.68,26
13,2019-12-14,优,28,14,13,26,3,43,0.45,22
14,2019-12-15,良,68,174,48,74,9,68,1.23,4
15,2019-12-16,良,92,277,68,51,2,66,1.3,1
16,2019-12-17,优,22,7,11,18,2,15,0.33,46
17,2019-12-18,优,28,33,18,26,2,36,0.48,25
18,2019-12-19,优,26,39,12,24,2,25,0.41,36
19,2019-12-20,优,33,60,18,32,3,46,0.57,16
20,2019-12-21,良,63,191,44,58,5,61,0.88,8
21,2019-12-22,良,84,232,62,77,6,68,1.14,7
22,2019-12-23,良,66,173,47,57,5,41,1.0,28
23,2019-12-24,轻度污染,109,275,82,76,4,55,1.33,8
24,2019-12-25,良,82,238,61,59,3,39,0.98,25
25,2019-12-26,优,43,101,15,45,2,31,0.43,32
26,2019-12-27,良,68,185,37,85,3,59,0.9,8
27,2019-12-28,轻度污染,102,278,75,117,9,71,1.59,6
28,2019-12-29,轻度污染,128,305,93,114,5,58,1.52,22
29,2019-12-30,优,35,34,7,35,2,9,0.32,49
30,2019-12-31,优,33,39,20,34,5,37,0.53,21
0,2020-01-01,良,52,97,33,54,6,48,0.79,9
1,2020-01-02,良,69,132,49,78,7,62,1.19,8
2,2020-01-03,良,69,128,49,71,7,63,1.19,13
3,2020-01-04,良,60,100,42,66,7,58,1.07,19
4,2020-01-05,良,86,186,63,79,7,65,1.39,5
5,2020-01-06,良,78,238,57,32,2,48,0.99,15
6,2020-01-07,优,21,9,12,18,3,21,0.39,54
7,2020-01-08,优,27,17,15,23,3,29,0.43,45
8,2020-01-09,优,47,98,33,37,5,49,0.73,22
9,2020-01-10,优,41,99,28,35,5,36,0.64,38
10,2020-01-11,优,20,20,10,19,3,23,0.36,45
11,2020-01-12,优,28,41,18,26,6,34,0.48,31
12,2020-01-13,优,21,7,10,20,4,17,0.37,52
13,2020-01-14,优,25,16,16,24,3,30,0.41,40
14,2020-01-15,良,64,141,46,55,6,56,0.88,12
15,2020-01-16,良,59,171,43,49,6,48,0.93,28
16,2020-01-17,良,91,216,67,75,11,65,1.43,12
17,2020-01-18,重度污染,207,328,162,158,4,65,2.1,11
18,2020-01-19,良,59,124,29,69,2,24,0.53,54
19,2020-01-20,优,27,21,8,26,2,16,0.32,51
20,2020-01-21,良,59,123,42,55,6,42,0.84,23
21,2020-01-22,良,81,199,60,64,7,47,1.0,21
22,2020-01-23,良,74,190,54,61,5,37,0.94,39
23,2020-01-24,轻度污染,101,278,75,76,6,21,0.73,54
24,2020-01-25,中度污染,186,316,142,158,9,32,0.96,43
25,2020-01-26,中度污染,193,334,150,146,10,38,1.62,48
26,2020-01-27,重度污染,209,354,160,138,10,37,1.83,55
27,2020-01-28,重度污染,218,349,169,145,13,39,2.06,66
28,2020-01-29,轻度污染,101,285,76,55,7,27,1.13,57
29,2020-01-30,良,64,189,46,47,5,27,0.8,52
30,2020-01-31,良,64,156,44,47,4,27,0.79,51
0,2020-02-01,优,22,9,8,13,2,9,0.25,65
1,2020-02-02,优,49,144,32,34,2,11,0.43,54
2,2020-02-03,优,31,60,16,26,2,13,0.34,56
3,2020-02-04,优,24,39,11,18,2,12,0.29,54
4,2020-02-05,优,36,135,25,32,3,18,0.61,40
5,2020-02-06,良,58,261,41,36,3,23,0.98,33
6,2020-02-07,良,95,314,71,51,3,34,1.1,29
7,2020-02-08,良,80,262,59,48,3,30,0.85,43
8,2020-02-09,中度污染,157,342,119,107,4,42,1.35,34
9,2020-02-10,中度污染,164,347,124,103,3,50,1.42,39
10,2020-02-11,重度污染,229,365,180,141,8,55,2.33,51
11,2020-02-12,严重污染,255,366,205,144,4,48,2.32,64
12,2020-02-13,重度污染,250,365,200,143,3,47,2.18,33
13,2020-02-14,良,77,281,56,36,2,18,0.91,43
14,2020-02-15,优,20,61,6,10,2,4,0.21,64
15,2020-02-16,优,21,58,3,8,2,4,0.2,67
16,2020-02-17,优,21,25,6,13,1,11,0.24,61
17,2020-02-18,优,25,18,16,22,2,32,0.48,35
18,2020-02-19,良,74,285,54,49,9,38,1.15,39
19,2020-02-20,轻度污染,143,338,109,75,6,29,1.43,49
20,2020-02-21,轻度污染,130,337,85,99,2,22,0.91,42
21,2020-02-22,优,23,10,7,16,2,10,0.23,70
22,2020-02-23,良,54,111,38,48,4,35,0.6,38
23,2020-02-24,良,85,257,61,86,8,39,0.98,35
24,2020-02-25,良,71,212,50,76,9,26,0.89,51
25,2020-02-26,良,52,156,36,46,5,22,0.55,54
26,2020-02-27,优,40,118,28,32,3,24,0.46,40
27,2020-02-28,良,69,333,51,49,2,21,0.54,39
28,2020-02-29,轻度污染,118,352,88,60,2,31,1.24,17
0,2020-03-01,优,39,130,23,21,2,19,0.88,43
1,2020-03-02,优,34,87,22,26,3,27,0.5,44
2,2020-03-03,优,33,106,16,21,2,9,0.32,66
3,2020-03-04,优,23,42,9,15,2,9,0.25,65
4,2020-03-05,良,51,205,36,46,4,26,0.48,49
5,2020-03-06,轻度污染,109,349,81,79,4,42,0.83,40
6,2020-03-07,良,85,281,62,44,2,20,0.66,63
7,2020-03-08,轻度污染,130,331,99,61,2,28,1.0,36
8,2020-03-09,良,72,282,53,33,2,23,0.76,39
9,2020-03-10,优,33,85,10,30,2,15,0.28,56
10,2020-03-11,优,43,84,27,48,3,42,0.52,31
11,2020-03-12,优,43,82,21,42,2,25,0.42,52
12,2020-03-13,优,29,43,9,21,2,12,0.3,67
13,2020-03-14,优,37,77,8,37,2,13,0.29,64
14,2020-03-15,优,34,35,6,31,2,11,0.24,71
15,2020-03-16,良,60,198,24,70,2,21,0.38,57
16,2020-03-17,良,54,131,30,60,2,34,0.47,54
17,2020-03-18,良,97,320,39,123,4,36,0.47,48
18,2020-03-19,优,44,110,7,45,2,8,0.23,79
19,2020-03-20,良,60,153,30,71,3,37,0.41,47
20,2020-03-21,良,70,229,26,92,8,22,0.53,70
21,2020-03-22,良,62,226,28,74,3,25,0.39,71
22,2020-03-23,良,52,162,28,57,3,32,0.43,59
23,2020-03-24,良,67,249,47,64,11,37,0.88,65
24,2020-03-25,中度污染,156,354,118,112,10,53,1.04,77
25,2020-03-26,优,31,51,10,24,2,9,0.25,72
26,2020-03-27,优,26,100,4,21,2,8,0.23,68
27,2020-03-28,优,27,122,8,24,2,16,0.23,56
28,2020-03-29,良,66,317,43,69,6,36,0.51,53
29,2020-03-30,良,92,343,68,87,6,37,0.68,62
30,2020-03-31,良,88,319,65,77,3,29,0.5,69
0,2020-04-01,优,29,60,8,19,2,10,0.19,73
1,2020-04-02,优,35,75,15,31,2,20,0.3,56
2,2020-04-03,优,38,91,14,36,2,23,0.3,58
3,2020-04-04,轻度污染,101,325,22,151,2,12,0.32,79
4,2020-04-05,良,69,263,29,88,4,28,0.43,61
5,2020-04-06,良,88,324,60,120,6,47,0.58,68
6,2020-04-07,良,83,327,48,105,5,36,0.58,60
7,2020-04-08,良,54,134,21,60,4,30,0.48,52
8,2020-04-09,良,52,137,33,48,3,18,0.45,74
9,2020-04-10,良,56,177,38,49,2,24,0.45,75
10,2020-04-11,优,42,132,21,38,2,19,0.31,75
11,2020-04-12,优,46,133,16,50,2,12,0.24,86
12,2020-04-13,良,58,175,25,67,2,32,0.42,64
13,2020-04-14,良,90,295,65,101,7,46,0.6,87
14,2020-04-15,良,85,288,62,95,6,31,0.52,101
15,2020-04-16,良,59,107,24,61,2,11,0.34,81
16,2020-04-17,优,43,56,22,40,2,13,0.43,104
17,2020-04-18,优,47,94,32,43,2,22,0.39,98
18,2020-04-19,良,59,227,40,55,2,22,0.41,100
19,2020-04-20,优,32,59,6,30,2,5,0.18,78
20,2020-04-21,优,30,71,6,30,2,4,0.13,67
21,2020-04-22,优,15,4,2,12,1,1,0.07,41
22,2020-04-23,优,26,65,6,20,2,8,0.16,73
23,2020-04-24,良,89,362,17,124,2,18,0.22,71
24,2020-04-25,优,49,159,10,58,2,5,0.2,88
25,2020-04-26,优,34,53,12,30,2,19,0.24,67
26,2020-04-27,良,59,243,41,63,3,29,0.68,85
27,2020-04-28,良,85,343,59,105,5,40,0.59,111
28,2020-04-29,良,94,354,59,118,8,26,0.63,145
29,2020-04-30,轻度污染,125,363,88,124,8,43,0.98,166
0,2020-05-01,中度污染,154,363,109,133,6,42,1.08,168
1,2020-05-02,良,86,337,55,83,3,20,0.61,138
2,2020-05-03,良,78,281,57,63,4,25,1.11,71
3,2020-05-04,良,52,191,35,51,4,26,0.77,33
4,2020-05-05,良,64,322,46,48,2,28,0.56,48
5,2020-05-06,良,97,361,72,65,3,30,0.72,100
6,2020-05-07,良,96,359,72,68,8,34,1.27,76
7,2020-05-08,良,57,327,41,21,2,19,1.01,68
8,2020-05-09,优,47,271,33,29,2,25,0.63,46
9,2020-05-10,良,53,207,19,60,2,17,0.4,51
10,2020-05-11,良,92,352,17,117,2,9,0.2,76
11,2020-05-12,良,87,337,17,125,2,13,0.25,82
12,2020-05-13,轻度污染,117,362,39,184,3,33,0.49,90
13,2020-05-14,良,77,324,36,94,4,24,0.53,117
14,2020-05-15,良,59,249,40,53,2,21,0.58,90
15,2020-05-16,良,62,252,41,58,2,25,0.63,59
16,2020-05-17,良,65,254,17,81,2,29,0.3,40
17,2020-05-18,优,41,116,10,45,2,12,0.2,62
18,2020-05-19,优,47,134,13,45,1,20,0.23,87
19,2020-05-20,优,49,153,18,43,3,19,0.4,116
20,2020-05-21,良,93,353,69,66,5,25,1.26,97
21,2020-05-22,良,66,308,45,35,2,19,0.82,87
22,2020-05-23,优,22,16,5,12,3,12,0.28,67
23,2020-05-24,优,29,56,8,19,2,18,0.29,82
24,2020-05-25,优,29,91,9,26,2,27,0.31,49
25,2020-05-26,优,28,81,9,18,2,17,0.24,75
26,2020-05-27,优,30,57,8,20,2,12,0.27,83
27,2020-05-28,良,69,301,36,60,4,32,0.68,105
28,2020-05-29,良,83,337,57,81,9,29,1.22,137
29,2020-05-30,良,86,355,55,76,5,22,0.95,118
30,2020-05-31,优,28,39,11,13,2,14,0.3,77
0,2020-06-01,优,48,217,18,55,3,30,0.4,81
1,2020-06-02,良,56,266,22,69,2,25,0.35,96
2,2020-06-03,轻度污染,144,354,43,221,2,31,0.34,83
3,2020-06-04,优,42,194,8,41,3,20,0.28,78
4,2020-06-05,优,44,219,11,38,3,17,0.49,104
5,2020-06-06,良,62,281,21,55,5,25,0.63,119
6,2020-06-07,良,87,330,30,88,5,34,0.67,143
7,2020-06-08,轻度污染,101,353,57,119,4,31,0.65,141
8,2020-06-09,良,70,334,36,89,6,26,0.79,84
9,2020-06-10,良,87,349,54,67,2,20,0.81,116
10,2020-06-11,良,71,334,47,71,3,28,0.65,122
11,2020-06-12,良,74,353,30,53,2,22,0.58,150
12,2020-06-13,良,86,358,52,89,3,26,0.75,131
13,2020-06-14,优,35,188,6,24,2,12,0.22,101
14,2020-06-15,良,55,293,13,49,2,26,0.33,112
15,2020-06-16,良,93,362,34,107,11,30,0.86,147
16,2020-06-17,良,67,343,20,84,2,19,0.44,119
17,2020-06-18,良,59,339,23,58,2,20,0.49,114
18,2020-06-19,良,55,302,23,42,2,18,0.45,121
19,2020-06-20,良,77,326,36,77,3,18,0.58,147
20,2020-06-21,良,75,329,35,73,3,19,0.55,147
21,2020-06-22,良,83,362,49,83,3,21,0.71,144
22,2020-06-23,良,69,347,44,62,3,21,0.76,114
23,2020-06-24,优,34,167,19,28,2,14,0.45,98
24,2020-06-25,优,47,250,32,34,2,19,0.6,87
25,2020-06-26,优,41,230,27,31,2,17,0.55,100
26,2020-06-27,轻度污染,101,360,65,65,2,21,0.85,137
27,2020-06-28,良,89,362,57,54,2,17,0.88,137
28,2020-06-29,优,43,266,28,38,2,26,0.54,82
29,2020-06-30,优,38,187,15,25,2,16,0.38,103
0,2020-07-01,良,69,324,24,52,2,26,0.5,125
1,2020-07-02,优,44,243,27,32,2,15,0.72,124
2,2020-07-03,良,67,349,49,38,2,16,0.89,94
3,2020-07-04,良,64,342,44,42,2,20,0.61,103
4,2020-07-05,优,39,229,22,29,2,19,0.46,92
5,2020-07-06,优,42,247,17,27,2,17,0.43,105
6,2020-07-07,优,32,164,13,24,2,19,0.34,85
7,2020-07-08,良,61,314,30,47,4,21,0.65,114
8,2020-07-09,优,44,240,28,30,2,15,0.59,88
9,2020-07-10,良,63,327,45,39,2,19,0.7,75
10,2020-07-11,轻度污染,110,361,82,59,2,22,1.05,69
11,2020-07-12,轻度污染,116,365,88,58,2,22,1.23,78
12,2020-07-13,良,72,361,50,49,2,21,0.93,78
13,2020-07-14,优,50,275,31,43,2,19,0.65,97
14,2020-07-15,良,56,293,30,43,2,19,0.54,110
15,2020-07-16,良,71,334,47,72,2,21,0.66,126
16,2020-07-17,良,66,338,47,60,2,19,0.61,94
17,2020-07-18,良,59,332,42,32,3,15,0.61,76
18,2020-07-19,优,48,316,28,24,2,16,0.49,66
19,2020-07-20,良,71,349,33,57,2,25,0.61,116
20,2020-07-21,良,63,331,33,62,2,20,0.55,126
21,2020-07-22,良,80,352,41,59,3,22,0.75,137
22,2020-07-23,良,62,332,29,52,2,27,0.63,114
23,2020-07-24,良,55,295,24,43,2,24,0.54,125
24,2020-07-25,良,66,320,26,62,2,35,0.58,115
25,2020-07-26,优,42,225,24,37,2,16,0.53,97
26,2020-07-27,良,76,358,55,37,2,19,0.76,69
27,2020-07-28,良,96,360,72,44,2,19,0.95,85
28,2020-07-29,良,76,355,55,51,3,17,0.86,109
29,2020-07-30,良,100,364,72,68,2,22,0.83,105
30,2020-07-31,良,62,352,42,54,3,21,0.72,96
0,2020-08-01,优,48,306,33,31,2,23,0.67,68
1,2020-08-02,优,42,294,15,31,2,19,0.44,101
2,2020-08-03,优,41,262,17,34,2,22,0.48,98
3,2020-08-04,优,41,287,13,35,2,26,0.42,80
4,2020-08-05,良,52,341,31,53,2,31,0.69,59
5,2020-08-06,优,47,346,30,42,2,21,0.79,88
6,2020-08-07,优,41,313,23,31,3,18,0.69,81
7,2020-08-08,优,46,325,22,40,2,18,0.57,104
8,2020-08-09,优,43,270,17,32,2,15,0.45,112
9,2020-08-10,优,37,211,14,25,2,15,0.4,104
10,2020-08-11,良,65,335,30,53,2,19,0.57,121
11,2020-08-12,优,50,328,33,47,2,20,0.65,77
12,2020-08-13,优,27,180,11,16,3,13,0.6,77
13,2020-08-14,良,53,335,26,41,2,21,0.61,99
14,2020-08-15,优,47,328,32,46,2,23,0.64,73
15,2020-08-16,良,54,317,38,37,3,20,0.62,60
16,2020-08-17,良,65,348,47,39,2,19,0.75,54
17,2020-08-18,优,47,283,31,25,2,21,0.64,39
18,2020-08-19,优,23,103,9,22,2,21,0.41,41
19,2020-08-20,优,31,201,19,29,2,22,0.5,39
20,2020-08-21,优,45,309,22,43,2,25,0.62,79
21,2020-08-22,良,57,336,37,57,2,25,0.68,93
22,2020-08-23,良,78,362,56,72,2,25,0.75,101
23,2020-08-24,优,30,119,10,15,2,13,0.37,87
24,2020-08-25,优,47,270,17,41,2,28,0.5,84
25,2020-08-26,良,85,363,58,77,4,31,1.55,90
26,2020-08-27,良,68,340,45,51,2,24,1.04,75
27,2020-08-28,优,42,167,16,38,2,24,0.51,90
28,2020-08-29,良,68,325,48,73,2,31,0.8,92
29,2020-08-30,良,73,340,53,55,2,21,0.95,93
30,2020-08-31,优,29,127,15,23,2,20,0.5,42
0,2020-09-01,优,28,64,11,25,2,22,0.46,43
1,2020-09-02,优,27,42,13,25,2,19,0.4,46
2,2020-09-03,优,20,26,6,16,2,16,0.34,48
3,2020-09-04,优,36,95,13,33,2,27,0.45,48
4,2020-09-05,良,55,247,23,51,2,30,1.17,84
5,2020-09-06,良,90,358,57,82,4,32,1.02,120
6,2020-09-07,优,33,88,16,28,2,19,0.44,80
7,2020-09-08,优,22,53,7,18,2,21,0.33,46
8,2020-09-09,优,26,80,7,22,2,25,0.33,44
9,2020-09-10,优,20,49,6,20,2,20,0.32,36
10,2020-09-11,优,16,8,4,14,2,17,0.4,26
11,2020-09-12,优,21,46,10,20,2,16,0.43,44
12,2020-09-13,优,40,198,23,38,2,25,0.53,58
13,2020-09-14,良,59,314,42,49,2,23,0.61,64
14,2020-09-15,优,50,308,34,22,2,21,0.67,52
15,2020-09-16,优,16,15,5,15,2,13,0.28,38
16,2020-09-17,优,21,45,6,18,2,19,0.33,41
17,2020-09-18,优,28,141,9,25,2,28,0.37,35
18,2020-09-19,优,36,173,13,36,2,31,0.41,58
19,2020-09-20,优,32,169,11,30,2,25,0.33,59
20,2020-09-21,良,59,318,36,64,3,37,0.63,69
21,2020-09-22,优,41,229,23,37,2,31,0.5,43
22,2020-09-23,优,48,269,33,35,2,34,0.93,38
23,2020-09-24,优,43,204,27,23,3,23,0.65,59
24,2020-09-25,优,50,223,34,39,2,32,0.7,63
25,2020-09-26,良,73,327,52,54,2,34,0.71,85
26,2020-09-27,良,88,358,65,65,2,38,0.77,97
27,2020-09-28,轻度污染,109,361,82,84,2,39,0.82,78
28,2020-09-29,优,21,34,13,13,3,18,0.39,38
29,2020-09-30,优,28,62,16,27,2,26,0.39,25
0,2020-10-01,良,61,295,43,47,2,29,0.59,32
1,2020-10-02,优,22,49,5,18,2,12,0.21,47
2,2020-10-03,优,40,211,20,44,4,27,0.45,37
3,2020-10-04,优,20,62,4,19,2,8,0.18,43
4,2020-10-05,优,22,90,6,20,2,20,0.26,35
5,2020-10-06,优,46,241,25,50,4,36,0.52,30
6,2020-10-07,良,81,354,59,84,5,54,0.89,28
7,2020-10-08,轻度污染,113,359,85,93,3,67,0.92,18
8,2020-10-09,轻度污染,141,362,107,106,3,69,1.0,36
9,2020-10-10,中度污染,184,366,139,104,3,47,1.0,68
10,2020-10-11,良,64,266,43,43,2,23,0.41,45
11,2020-10-12,优,28,42,9,28,2,26,0.28,37
12,2020-10-13,优,37,103,13,38,2,27,0.33,36
13,2020-10-14,优,32,110,8,32,3,25,0.46,28
14,2020-10-15,良,76,348,45,71,2,44,0.73,16
15,2020-10-16,优,35,185,17,26,2,28,0.35,39
16,2020-10-17,优,44,198,15,45,2,43,0.39,26
17,2020-10-18,良,56,231,27,64,3,50,0.63,27
18,2020-10-19,良,72,268,48,78,3,56,0.85,27
19,2020-10-20,中度污染,152,355,115,119,3,76,1.0,16
20,2020-10-21,轻度污染,109,317,43,140,2,24,0.37,41
21,2020-10-22,优,49,144,12,59,2,22,0.27,40
22,2020-10-23,优,23,10,7,21,1,17,0.23,35
23,2020-10-24,良,56,122,29,65,3,46,0.56,28
24,2020-10-25,轻度污染,104,346,78,119,5,68,0.93,26
25,2020-10-26,轻度污染,117,320,84,118,4,59,0.88,37
26,2020-10-27,优,44,94,8,47,2,24,0.3,43
27,2020-10-28,优,44,134,15,47,3,41,0.43,21
28,2020-10-29,良,62,214,34,74,3,57,0.62,16
29,2020-10-30,良,71,248,51,80,2,55,0.7,27
30,2020-10-31,中度污染,159,361,78,217,2,53,0.64,21
0,2020-11-01,良,54,154,15,67,2,20,0.28,37
1,2020-11-02,优,42,98,6,44,2,16,0.23,40
2,2020-11-03,优,33,67,10,34,2,27,0.3,28
3,2020-11-04,良,63,246,37,77,3,57,0.68,8
4,2020-11-05,轻度污染,113,358,84,124,5,86,1.12,9
5,2020-11-06,轻度污染,114,361,74,136,3,70,0.91,24
6,2020-11-07,良,92,290,27,136,2,25,0.38,42
7,2020-11-08,优,36,52,11,40,2,27,0.32,30
8,2020-11-09,优,48,74,20,55,2,47,0.52,16
9,2020-11-10,良,63,134,36,73,3,58,0.73,11
10,2020-11-11,轻度污染,129,353,98,135,6,88,1.15,6
11,2020-11-12,轻度污染,127,346,89,113,4,69,0.97,26
12,2020-11-13,优,46,78,20,50,4,43,0.56,23
13,2020-11-14,良,70,209,46,82,3,63,0.86,4
14,2020-11-15,轻度污染,103,281,77,91,3,61,1.05,10
15,2020-11-16,轻度污染,135,327,103,114,5,69,1.53,4
16,2020-11-17,轻度污染,137,344,104,95,2,49,1.66,7
17,2020-11-18,良,60,317,45,18,2,29,0.99,21
18,2020-11-19,优,15,8,7,11,2,14,0.33,44
19,2020-11-20,优,22,23,9,20,2,21,0.32,44
20,2020-11-21,优,42,233,26,33,2,42,0.53,14
21,2020-11-22,优,15,13,7,13,2,11,0.26,45
22,2020-11-23,优,27,87,13,27,3,25,0.38,31
23,2020-11-24,优,45,173,29,47,3,46,0.61,13
24,2020-11-25,优,40,144,25,40,4,35,0.55,28
25,2020-11-26,优,38,136,19,39,4,44,0.63,17
26,2020-11-27,优,30,92,16,30,2,22,0.42,43
27,2020-11-28,优,25,38,11,24,2,22,0.34,38
28,2020-11-29,优,32,53,15,32,3,29,0.39,28
29,2020-11-30,优,31,38,16,32,3,28,0.38,31
0,2020-12-01,优,40,93,24,41,3,42,0.5,15
1,2020-12-02,优,34,73,18,35,3,28,0.43,33
2,2020-12-03,优,21,17,7,19,2,20,0.3,48
3,2020-12-04,优,20,12,7,19,3,20,0.33,47
4,2020-12-05,优,36,51,21,36,6,42,0.48,25
5,2020-12-06,良,53,97,34,52,6,35,0.58,29
6,2020-12-07,优,26,20,7,26,3,14,0.28,48
7,2020-12-08,优,37,50,20,39,5,40,0.5,21
8,2020-12-09,良,65,179,44,78,6,59,0.85,5
9,2020-12-10,良,78,180,56,94,5,69,1.11,10
10,2020-12-11,良,51,75,32,55,4,52,0.64,19
11,2020-12-12,良,99,232,73,99,4,60,1.33,8
12,2020-12-13,优,26,22,8,26,2,8,0.28,49
13,2020-12-14,优,26,67,10,26,3,19,0.36,37
14,2020-12-15,优,37,115,15,38,4,35,0.43,19
15,2020-12-16,优,35,94,17,38,4,31,0.44,25
16,2020-12-17,良,61,180,36,72,5,56,0.84,8
17,2020-12-18,优,27,31,9,27,3,18,0.31,46
18,2020-12-19,优,45,105,25,51,5,50,0.57,11
19,2020-12-20,优,40,55,24,43,5,43,0.56,27
20,2020-12-21,良,53,74,34,54,5,55,0.71,16
21,2020-12-22,良,72,105,52,75,5,64,0.9,9
22,2020-12-23,良,94,168,39,128,4,30,0.59,42
23,2020-12-24,良,54,103,19,60,3,24,0.38,44
24,2020-12-25,良,64,140,31,79,5,55,0.71,12
25,2020-12-26,良,75,156,46,98,9,57,1.24,6
26,2020-12-27,良,85,129,63,100,6,59,1.39,8
27,2020-12-28,良,88,156,60,93,7,39,0.94,20
28,2020-12-29,优,50,139,8,54,2,6,0.28,49
29,2020-12-30,优,30,55,5,30,2,7,0.29,51
30,2020-12-31,优,34,50,11,35,2,26,0.38,34
0,2021-01-01,良,55,198,28,61,5,49,0.73,10
1,2021-01-02,良,72,187,51,79,5,47,1.19,13
2,2021-01-03,优,30,19,13,30,3,30,0.42,29
3,2021-01-04,优,37,37,15,37,3,23,0.42,39
4,2021-01-05,优,28,26,10,27,2,18,0.3,40
5,2021-01-06,良,61,134,11,75,2,7,0.25,51
6,2021-01-07,优,27,25,8,26,2,9,0.3,49
7,2021-01-08,优,28,34,8,28,2,12,0.24,52
8,2021-01-09,优,34,47,9,35,2,13,0.26,50
9,2021-01-10,优,25,12,8,23,2,13,0.26,55
10,2021-01-11,优,49,84,18,57,3,19,0.38,38
11,2021-01-12,良,97,253,43,143,4,47,0.73,16
12,2021-01-13,轻度污染,142,314,57,234,2,30,0.54,39
13,2021-01-14,良,82,153,53,115,5,34,0.95,24
14,2021-01-15,良,99,193,42,146,2,17,0.49,49
15,2021-01-16,优,30,19,9,30,2,11,0.27,55
16,2021-01-17,优,50,75,16,54,3,22,0.38,42
17,2021-01-18,良,55,93,18,61,3,25,0.42,40
18,2021-01-19,优,46,56,26,46,2,24,0.61,33
19,2021-01-20,良,71,149,51,62,3,37,0.8,20
20,2021-01-21,轻度污染,103,210,77,93,5,51,1.17,16
21,2021-01-22,轻度污染,112,227,84,109,8,54,1.45,22
22,2021-01-23,轻度污染,115,242,86,93,3,50,1.34,20
23,2021-01-24,轻度污染,137,247,104,103,3,52,1.3,20
24,2021-01-25,中度污染,175,314,132,106,2,59,1.5,10
25,2021-01-26,轻度污染,110,258,82,78,2,40,1.08,30
26,2021-01-27,良,54,98,27,60,5,33,0.74,35
27,2021-01-28,优,44,72,6,48,2,7,0.24,64
28,2021-01-29,优,47,90,19,50,3,31,0.53,27
29,2021-01-30,良,68,170,40,86,4,47,0.88,19
30,2021-01-31,良,87,225,63,81,3,33,1.05,28
0,2021-02-01,优,48,89,20,52,2,12,0.38,55
1,2021-02-02,优,36,45,13,36,2,17,0.42,47
2,2021-02-03,优,47,71,17,50,3,23,0.47,40
3,2021-02-04,良,54,96,33,60,4,34,0.62,37
4,2021-02-05,良,65,159,41,73,4,44,0.83,32
5,2021-02-06,良,81,259,33,112,3,26,0.53,52
6,2021-02-07,优,46,81,24,57,3,12,0.44,58
7,2021-02-08,优,43,112,29,41,3,28,0.62,41
8,2021-02-09,良,84,284,62,71,5,39,0.92,42
9,2021-02-10,良,99,291,74,81,6,39,1.04,53
10,2021-02-11,重度污染,204,357,159,149,8,41,1.7,62
11,2021-02-12,重度污染,249,356,201,205,8,31,1.62,76
12,2021-02-13,严重污染,255,366,205,192,5,38,2.28,27
13,2021-02-14,轻度污染,141,352,109,88,2,22,1.5,28
14,2021-02-15,优,33,83,8,24,2,7,0.27,68
15,2021-02-16,优,32,58,5,31,2,4,0.21,72
16,2021-02-17,优,22,7,8,15,2,7,0.27,64
17,2021-02-18,优,35,83,24,33,4,24,0.48,45
18,2021-02-19,良,64,256,44,65,4,42,0.79,36
19,2021-02-20,良,70,272,44,90,4,48,0.81,33
20,2021-02-21,轻度污染,119,345,55,186,3,34,0.66,41
21,2021-02-22,良,55,117,28,69,3,13,0.38,66
22,2021-02-23,优,47,135,27,49,2,19,0.54,49
23,2021-02-24,良,60,246,42,51,3,26,0.67,38
24,2021-02-25,轻度污染,103,347,77,75,3,34,0.95,41
25,2021-02-26,中度污染,170,353,129,107,4,39,1.3,54
26,2021-02-27,中度污染,162,342,122,100,6,38,1.06,66
27,2021-02-28,轻度污染,129,351,97,71,3,38,0.95,44
0,2021-03-01,优,31,121,21,15,2,13,0.41,56
1,2021-03-02,良,79,332,58,51,2,22,0.66,30
2,2021-03-03,轻度污染,147,359,112,99,1,37,1.07,20
3,2021-03-04,中度污染,198,365,149,128,2,49,1.34,18
4,2021-03-05,中度污染,156,363,116,103,2,36,1.13,26
5,2021-03-06,优,48,209,20,51,3,25,0.58,43
6,2021-03-07,良,77,312,56,72,2,39,0.71,28
7,2021-03-08,轻度污染,115,327,87,82,3,48,0.8,29
8,2021-03-09,中度污染,184,362,141,110,4,50,1.02,43
9,2021-03-10,重度污染,232,365,184,132,3,55,1.23,44
10,2021-03-11,中度污染,163,349,123,81,2,39,0.93,51
11,2021-03-12,轻度污染,135,351,103,69,2,36,0.9,36
12,2021-03-13,轻度污染,134,341,102,60,2,29,1.0,49
13,2021-03-14,中度污染,172,348,130,95,1,46,0.98,24
14,2021-03-15,严重污染,363,345,208,1563,2,19,0.42,54
15,2021-03-16,轻度污染,114,238,36,178,2,19,0.29,59
16,2021-03-17,中度污染,185,294,62,312,3,49,0.63,22
17,2021-03-18,良,97,311,55,130,2,27,0.63,46
18,2021-03-19,良,97,301,72,91,2,34,0.77,31
19,2021-03-20,良,83,228,30,88,2,16,0.45,50
20,2021-03-21,优,32,56,6,31,2,10,0.23,71
21,2021-03-22,轻度污染,128,349,27,207,2,27,0.31,45
22,2021-03-23,良,87,274,37,123,3,42,0.48,43
23,2021-03-24,轻度污染,106,323,40,162,2,30,0.4,56
24,2021-03-25,良,88,248,56,115,4,40,0.5,65
25,2021-03-26,中度污染,178,362,134,159,3,73,1.01,31
26,2021-03-27,中度污染,178,359,134,111,2,39,1.0,51
27,2021-03-28,严重污染,289,335,132,790,2,17,0.4,68
28,2021-03-29,良,87,219,20,125,2,22,0.25,64
29,2021-03-30,轻度污染,141,266,53,224,3,35,0.5,56
30,2021-03-31,轻度污染,115,312,53,181,2,39,0.55,53
0,2021-04-01,轻度污染,113,351,73,176,8,44,0.93,78
1,2021-04-02,良,59,281,36,68,2,26,0.45,73
2,2021-04-03,优,37,173,13,27,2,18,0.27,65
3,2021-04-04,优,32,77,6,28,2,20,0.22,68
4,2021-04-05,良,60,279,30,70,3,29,0.38,68
5,2021-04-06,良,55,190,30,60,2,31,0.39,73
6,2021-04-07,良,66,283,39,81,4,35,0.51,67
7,2021-04-08,良,64,280,33,72,3,34,0.42,69
8,2021-04-09,良,64,265,40,77,6,33,0.65,74
9,2021-04-10,良,89,340,65,101,7,39,0.88,79
10,2021-04-11,良,83,343,59,95,3,34,0.53,79
11,2021-04-12,良,74,307,47,73,3,31,0.59,51
12,2021-04-13,优,30,76,5,24,2,13,0.22,74
13,2021-04-14,良,66,319,23,83,2,27,0.3,57
14,2021-04-15,中度污染,171,328,69,306,4,23,0.4,67
15,2021-04-16,轻度污染,111,270,36,172,2,8,0.21,70
16,2021-04-17,优,34,54,9,33,2,13,0.22,68
17,2021-04-18,良,64,206,25,78,3,32,0.35,60
18,2021-04-19,良,90,351,54,131,3,39,0.5,87
19,2021-04-20,良,87,344,52,125,3,38,0.57,101
20,2021-04-21,良,64,309,39,76,2,34,0.55,83
21,2021-04-22,优,47,166,32,42,2,26,0.62,69
22,2021-04-23,优,46,153,24,37,2,21,0.5,69
23,2021-04-24,优,41,158,20,41,2,20,0.45,79
24,2021-04-25,良,56,296,38,58,2,26,0.55,77
25,2021-04-26,良,57,264,36,62,3,28,0.49,76
26,2021-04-27,良,80,273,28,108,2,19,0.35,70
27,2021-04-28,良,57,193,13,64,2,16,0.22,74
28,2021-04-29,良,56,181,16,66,2,20,0.26,67
29,2021-04-30,优,32,35,12,30,2,23,0.3,59
0,2021-05-01,优,29,13,9,29,2,16,0.25,56
1,2021-05-02,优,41,95,12,43,2,17,0.25,67
2,2021-05-03,良,65,299,35,78,4,24,0.49,88
3,2021-05-04,良,54,222,13,63,2,11,0.24,80
4,2021-05-05,良,74,276,26,99,2,18,0.3,82
5,2021-05-06,中度污染,200,342,82,339,3,17,0.84,81
6,2021-05-07,轻度污染,142,254,72,215,2,8,0.25,81
7,2021-05-08,良,95,253,44,130,2,16,0.25,72
8,2021-05-09,良,52,199,20,54,3,30,0.37,72
9,2021-05-10,良,52,225,21,56,3,27,0.48,89
10,2021-05-11,优,50,249,23,48,2,23,0.57,97
11,2021-05-12,优,47,213,13,47,2,28,0.4,83
12,2021-05-13,良,61,288,41,69,4,30,0.91,79
13,2021-05-14,良,64,318,40,76,2,28,1.07,71
14,2021-05-15,优,35,262,12,32,2,14,0.4,63
15,2021-05-16,优,26,142,3,20,2,17,0.24,66
16,2021-05-17,优,43,270,11,43,2,30,0.32,68
17,2021-05-18,良,57,305,20,63,2,34,0.4,81
18,2021-05-19,良,72,340,30,75,4,25,0.54,121
19,2021-05-20,良,63,312,35,72,2,20,0.53,108
20,2021-05-21,良,71,325,37,71,2,21,0.61,119
21,2021-05-22,良,76,309,32,83,2,22,0.6,130
22,2021-05-23,轻度污染,135,347,51,191,2,10,0.23,69
23,2021-05-24,良,53,209,14,59,2,14,0.22,59
24,2021-05-25,良,67,262,18,83,2,16,0.32,88
25,2021-05-26,良,52,260,16,59,2,22,0.38,76
26,2021-05-27,优,39,194,11,40,2,23,0.31,54
27,2021-05-28,优,28,81,3,18,2,10,0.2,81
28,2021-05-29,优,39,160,8,32,2,14,0.25,91
29,2021-05-30,优,45,206,16,39,2,18,0.38,105
30,2021-05-31,优,42,148,25,41,2,23,0.79,63
0,2021-06-01,优,37,153,14,34,2,19,0.5,75
1,2021-06-02,优,45,222,21,47,2,25,0.64,66
2,2021-06-03,优,27,70,2,21,2,15,0.23,61
3,2021-06-04,优,34,139,6,29,2,18,0.25,60
4,2021-06-05,优,30,61,7,23,2,19,0.26,63
5,2021-06-06,优,44,115,11,42,2,22,0.38,92
6,2021-06-07,优,49,148,20,46,3,18,0.64,110
7,2021-06-08,良,61,287,27,54,2,16,0.75,137
8,2021-06-09,良,51,248,28,56,2,20,1.59,84
9,2021-06-10,优,32,145,9,22,2,15,0.35,97
10,2021-06-11,良,51,248,14,44,2,29,0.38,99
11,2021-06-12,良,88,350,29,77,3,31,0.54,149
12,2021-06-13,良,81,352,44,94,3,21,1.05,150
13,2021-06-14,优,33,214,21,31,3,13,0.93,85
14,2021-06-15,良,52,331,22,35,2,12,0.7,118
15,2021-06-16,优,33,217,18,33,2,18,0.63,60
16,2021-06-17,优,28,163,7,16,2,15,0.37,64
17,2021-06-18,优,29,152,5,25,2,18,0.23,62
18,2021-06-19,优,36,192,8,33,2,23,0.23,58
19,2021-06-20,优,38,188,9,33,2,23,0.26,66
20,2021-06-21,良,63,289,17,65,3,24,0.45,114
21,2021-06-22,良,53,231,14,43,2,16,0.49,117
22,2021-06-23,优,38,111,18,34,2,20,0.44,78
23,2021-06-24,优,43,174,23,44,2,24,0.53,90
24,2021-06-25,优,49,251,31,49,2,17,0.84,99
25,2021-06-26,优,40,230,20,37,2,13,0.66,104
26,2021-06-27,良,57,319,25,46,2,15,0.73,113
27,2021-06-28,良,62,314,32,54,2,15,0.8,126
28,2021-06-29,优,43,246,26,41,2,12,0.65,95
29,2021-06-30,优,34,181,13,27,2,9,0.53,108
0,2021-07-01,优,34,202,12,27,2,12,0.43,96
1,2021-07-02,优,37,256,10,23,2,10,0.4,109
2,2021-07-03,优,37,255,7,15,2,9,0.47,113
3,2021-07-04,优,33,169,9,21,2,14,0.41,82
4,2021-07-05,优,35,192,10,29,2,19,0.47,82
5,2021-07-06,优,38,221,11,20,3,10,0.49,116
6,2021-07-07,优,49,293,21,40,2,15,0.64,108
7,2021-07-08,优,38,253,12,31,2,17,0.48,92
8,2021-07-09,良,51,308,16,37,2,15,0.55,125
9,2021-07-10,良,62,335,31,67,2,19,0.87,116
10,2021-07-11,优,49,304,26,48,2,14,0.85,120
11,2021-07-12,优,16,14,4,5,2,8,0.44,51
12,2021-07-13,优,21,38,8,16,2,12,0.59,59
13,2021-07-14,优,37,219,19,33,2,13,0.75,93
14,2021-07-15,优,45,307,26,42,3,13,0.87,106
15,2021-07-16,优,34,225,17,32,2,10,0.73,95
16,2021-07-17,优,23,108,12,22,3,9,0.58,52
17,2021-07-18,优,26,129,15,25,2,11,0.61,47
18,2021-07-19,优,29,157,16,28,2,13,0.56,68
19,2021-07-20,优,36,279,18,34,2,13,0.59,68
20,2021-07-21,优,32,253,16,32,2,15,0.6,51
21,2021-07-22,优,25,91,13,24,2,17,0.65,34
22,2021-07-23,优,33,198,14,30,2,16,0.48,64
23,2021-07-24,优,50,325,26,52,2,17,0.54,87
24,2021-07-25,良,54,342,30,59,2,17,0.6,90
25,2021-07-26,良,54,344,29,59,2,16,0.67,86
26,2021-07-27,优,24,116,11,16,2,11,0.55,73
27,2021-07-28,优,20,53,11,19,2,15,0.62,35
28,2021-07-29,优,20,49,9,16,2,13,0.53,35
29,2021-07-30,优,19,19,6,13,2,10,0.43,53
30,2021-07-31,优,43,224,14,36,2,14,0.58,86
0,2021-08-01,优,23,45,5,17,2,9,0.37,66
1,2021-08-02,优,24,62,4,18,2,11,0.38,66
2,2021-08-03,优,39,184,15,39,2,12,0.7,89
3,2021-08-04,优,49,293,28,47,2,14,0.75,109
4,2021-08-05,优,43,267,25,41,2,12,0.68,109
5,2021-08-06,优,40,242,23,40,2,16,0.58,85
6,2021-08-07,良,68,337,40,69,2,17,0.73,108
7,2021-08-08,良,64,334,40,76,2,19,0.77,107
8,2021-08-09,优,40,162,16,23,2,9,0.58,121
9,2021-08-10,优,35,170,13,28,2,15,0.56,90
10,2021-08-11,良,52,304,29,53,2,18,0.82,89
11,2021-08-12,优,48,296,26,48,2,13,0.89,95
12,2021-08-13,优,42,289,21,41,2,15,0.72,90
13,2021-08-14,优,36,250,22,36,2,12,0.68,86
14,2021-08-15,优,34,220,19,34,2,14,0.64,68
15,2021-08-16,优,35,244,22,33,2,14,0.76,75
16,2021-08-17,优,27,143,9,16,2,10,0.53,77
17,2021-08-18,优,33,179,14,32,2,18,0.53,69
18,2021-08-19,优,29,105,14,22,2,13,0.59,67
19,2021-08-20,优,26,87,8,15,2,11,0.62,77
20,2021-08-21,优,31,151,10,25,2,15,0.55,67
21,2021-08-22,良,58,330,33,67,2,17,1.32,85
22,2021-08-23,优,49,321,25,49,2,11,0.69,96
23,2021-08-24,优,24,73,8,17,2,11,0.38,73
24,2021-08-25,优,19,43,5,16,2,14,0.37,57
25,2021-08-26,优,19,34,4,15,2,12,0.37,52
26,2021-08-27,优,24,106,7,20,3,15,0.41,55
27,2021-08-28,优,26,124,9,24,2,19,0.43,42
28,2021-08-29,优,37,228,16,38,2,17,0.45,73
29,2021-08-30,优,50,331,25,50,2,21,0.58,82
30,2021-08-31,优,42,268,23,37,2,18,0.62,85
0,2021-09-01,优,40,242,15,35,2,23,0.5,84
1,2021-09-02,优,45,267,20,43,2,21,0.55,91
2,2021-09-03,良,53,316,27,52,2,20,0.65,98
3,2021-09-04,优,35,215,21,33,2,16,0.79,75
4,2021-09-05,优,25,98,13,23,2,14,0.53,59
5,2021-09-06,优,19,24,4,8,3,11,0.4,51
6,2021-09-07,优,28,142,10,26,2,17,0.45,62
7,2021-09-08,优,38,193,19,36,2,18,0.58,92
8,2021-09-09,优,47,239,32,48,2,22,0.73,71
9,2021-09-10,良,53,257,31,53,2,20,0.79,90
10,2021-09-11,良,65,322,42,72,2,22,0.93,97
11,2021-09-12,优,50,252,28,53,2,21,0.91,54
12,2021-09-13,优,35,168,17,32,2,18,0.77,55
13,2021-09-14,优,37,188,19,36,2,19,0.78,44
14,2021-09-15,优,44,246,18,44,2,26,0.7,43
15,2021-09-16,优,31,168,15,31,2,24,0.68,29
16,2021-09-17,优,27,97,8,22,2,19,0.42,44
17,2021-09-18,优,42,217,18,44,2,28,0.53,43
18,2021-09-19,优,31,160,20,30,2,19,0.6,44
19,2021-09-20,优,21,35,4,5,2,11,0.52,61
20,2021-09-21,优,20,40,4,13,2,15,0.43,51
21,2021-09-22,优,29,114,8,26,2,20,0.43,59
22,2021-09-23,优,47,235,20,47,3,28,0.66,68
23,2021-09-24,优,24,70,14,20,2,18,0.86,51
24,2021-09-25,优,26,109,13,23,2,16,0.6,52
25,2021-09-26,优,21,69,12,20,2,20,0.58,32
26,2021-09-27,优,27,103,11,23,2,19,0.49,48
27,2021-09-28,优,47,235,22,49,2,27,0.62,44
28,2021-09-29,优,43,226,17,43,2,26,0.54,47
29,2021-09-30,良,54,274,30,58,3,24,0.85,52
0,2021-10-01,优,29,48,10,27,2,20,0.39,43
1,2021-10-02,良,55,226,27,61,2,31,0.73,25
2,2021-10-03,优,50,230,28,56,2,24,0.81,39
3,2021-10-04,优,18,15,3,18,2,13,0.25,39
4,2021-10-05,优,13,14,5,12,2,17,0.33,23
5,2021-10-06,优,11,10,5,6,3,15,0.34,30
6,2021-10-07,优,17,29,7,14,2,15,0.28,33
7,2021-10-08,优,27,116,13,25,2,20,0.39,38
8,2021-10-09,优,34,171,22,26,2,26,0.58,39
9,2021-10-10,优,23,91,3,20,2,13,0.25,50
10,2021-10-11,优,27,155,7,25,2,25,0.31,30
11,2021-10-12,优,33,182,11,32,2,28,0.39,33
12,2021-10-13,优,48,258,28,47,2,41,0.5,33
13,2021-10-14,优,40,210,17,41,3,32,0.5,29
14,2021-10-15,优,27,136,7,27,2,16,0.3,40
15,2021-10-16,优,22,119,3,18,2,10,0.25,48
16,2021-10-17,优,38,250,15,41,2,32,0.38,21
17,2021-10-18,良,58,296,34,66,2,40,0.52,20
18,2021-10-19,优,24,43,5,20,2,18,0.26,43
19,2021-10-20,优,44,252,22,46,2,36,0.43,22
20,2021-10-21,优,35,174,15,34,2,25,0.36,34
21,2021-10-22,优,30,110,8,28,2,25,0.28,42
22,2021-10-23,良,54,227,29,57,3,41,0.45,30
23,2021-10-24,良,91,325,68,82,3,50,0.68,34
24,2021-10-25,中度污染,153,359,116,107,3,56,0.92,36
25,2021-10-26,良,87,287,57,60,2,33,0.59,38
26,2021-10-27,优,31,44,7,30,2,30,0.32,32
27,2021-10-28,优,46,122,18,50,2,38,0.49,22
28,2021-10-29,良,94,304,66,92,4,60,0.82,20
29,2021-10-30,轻度污染,126,334,95,97,3,54,0.89,31
30,2021-10-31,良,52,175,20,54,2,19,0.38,45
0,2021-11-01,良,77,292,57,72,2,42,0.83,15
1,2021-11-02,良,91,319,67,75,2,50,0.76,9
2,2021-11-03,轻度污染,123,337,93,84,2,49,0.81,13
3,2021-11-04,中度污染,163,352,124,102,2,49,0.95,15
4,2021-11-05,中度污染,187,355,142,111,2,48,1.13,17
5,2021-11-06,轻度污染,117,327,86,71,2,31,1.06,23
6,2021-11-07,优,17,14,3,4,2,6,0.3,55
7,2021-11-08,优,18,16,3,13,2,7,0.23,58
8,2021-11-09,优,20,20,3,12,2,9,0.38,59
9,2021-11-10,优,19,11,4,15,2,12,0.21,58
10,2021-11-11,优,18,13,4,15,2,13,0.23,53
11,2021-11-12,优,37,73,13,39,2,31,0.4,33
12,2021-11-13,良,56,169,20,61,3,33,0.49,32
13,2021-11-14,良,59,154,21,70,2,37,0.45,27
14,2021-11-15,良,75,227,33,99,3,33,0.56,26
15,2021-11-16,良,75,210,51,86,2,43,0.84,12
16,2021-11-17,轻度污染,108,289,81,94,2,52,0.97,11
17,2021-11-18,轻度污染,130,307,97,97,2,60,1.14,9
18,2021-11-19,优,36,76,15,36,2,28,0.46,37
19,2021-11-20,良,58,186,29,66,2,43,0.68,7
20,2021-11-21,良,96,333,29,132,2,22,0.51,30
21,2021-11-22,优,30,97,6,29,2,11,0.23,46
22,2021-11-23,优,43,127,16,45,2,41,0.48,18
23,2021-11-24,良,64,214,30,78,3,48,0.7,14
24,2021-11-25,良,68,214,36,86,3,50,0.77,16
25,2021-11-26,优,50,99,21,57,2,38,0.49,25
26,2021-11-27,良,81,259,56,87,3,56,0.94,9
27,2021-11-28,轻度污染,133,343,100,107,3,62,1.18,8
28,2021-11-29,良,85,287,63,56,2,33,0.74,19
29,2021-11-30,优,19,8,4,18,2,10,0.24,49
0,2021-12-01,优,28,40,9,27,2,29,0.38,30
1,2021-12-02,优,37,54,11,38,2,23,0.37,40
2,2021-12-03,优,41,81,12,43,2,30,0.4,35
3,2021-12-04,优,49,109,21,53,2,44,0.63,15
4,2021-12-05,良,80,227,55,89,4,62,1.02,7
5,2021-12-06,优,43,68,20,44,2,27,0.42,39
6,2021-12-07,优,34,42,13,37,2,33,0.45,19
7,2021-12-08,良,62,147,39,67,2,53,0.67,6
8,2021-12-09,轻度污染,122,290,92,65,2,60,0.96,2
9,2021-12-10,良,80,151,58,57,2,40,0.75,13
10,2021-12-11,优,42,71,22,42,2,25,0.5,31
11,2021-12-12,优,21,24,4,17,2,11,0.23,47
12,2021-12-13,优,44,130,22,46,2,44,0.55,13
13,2021-12-14,良,66,159,47,74,2,54,0.83,8
14,2021-12-15,良,85,214,62,94,3,58,1.15,6
15,2021-12-16,优,50,101,23,55,2,20,0.49,46
16,2021-12-17,优,24,27,7,22,2,13,0.31,47
17,2021-12-18,优,43,82,16,44,2,33,0.43,27
18,2021-12-19,良,66,233,33,81,3,55,0.67,14
19,2021-12-20,良,75,254,37,101,3,53,0.81,18
20,2021-12-21,良,59,151,27,69,3,38,0.61,26
21,2021-12-22,优,50,103,32,54,3,35,0.64,23
22,2021-12-23,良,64,134,45,73,4,44,0.91,7
23,2021-12-24,优,23,13,7,20,2,11,0.35,51
24,2021-12-25,优,17,1,4,13,2,7,0.3,52
25,2021-12-26,优,26,42,9,25,2,19,0.3,38
26,2021-12-27,优,49,157,22,51,2,43,0.6,16
27,2021-12-28,良,55,132,34,60,4,52,0.88,10
28,2021-12-29,优,41,66,11,44,2,20,0.32,49
29,2021-12-30,优,36,59,11,37,2,21,0.31,49
30,2021-12-31,优,43,57,20,46,3,48,0.63,18
