,»’∆⁄,÷ ¡øµ»º∂,AQI÷∏ ˝,µ±ÃÏAQI≈≈√˚,PM2.5,PM10,So2,No2,Co,O3,,Flag
0,2017/1/1,—œ÷ÿŒ€»æ,454,365,430,501,8,131,6.43,4,,1
1,2017/1/2,÷ÿ∂»Œ€»æ,220,296,161,246,12,92,3.14,24,,1
2,2017/1/3,—œ÷ÿŒ€»æ,338,354,290,380,17,137,5.61,9,,1
3,2017/1/4,—œ÷ÿŒ€»æ,393,360,344,452,18,145,7.28,8,,1
4,2017/1/5,—œ÷ÿŒ€»æ,276,345,224,275,15,109,5.55,5,,1
5,2017/1/6,÷ÿ∂»Œ€»æ,245,350,194,190,23,104,4.28,7,,1
6,2017/1/7,÷ÿ∂»Œ€»æ,211,327,165,128,17,80,3.22,6,,1
7,2017/1/8,¡º,54,104,36,22,9,33,0.97,42,,0
8,2017/1/9,”≈,49,67,32,44,6,36,0.76,38,,0
9,2017/1/10,”≈,44,71,23,40,6,32,0.64,45,,0
10,2017/1/11,¡º,77,198,56,81,18,70,1.54,14,,0
11,2017/1/12,¡º,59,148,39,57,11,46,0.88,38,,0
12,2017/1/13,”≈,30,35,7,20,4,19,0.38,60,,0
13,2017/1/14,”≈,35,39,18,37,10,41,0.8,32,,0
14,2017/1/15,¡º,72,197,51,69,10,48,0.99,18,,0
15,2017/1/16,«·∂»Œ€»æ,123,284,92,107,17,65,1.71,4,,1
16,2017/1/17,÷–∂»Œ€»æ,176,311,132,144,20,71,2.11,10,,1
17,2017/1/18,¡º,53,74,37,50,9,48,0.83,26,,0
18,2017/1/19,¡º,85,161,45,88,13,36,1.17,39,,0
19,2017/1/20,”≈,40,45,21,34,7,31,0.69,48,,0
20,2017/1/21,¡º,53,58,25,49,9,28,0.78,48,,0
21,2017/1/22,”≈,36,8,23,34,10,38,0.79,37,,0
22,2017/1/23,”≈,46,35,32,44,12,45,0.98,29,,0
23,2017/1/24,«·∂»Œ€»æ,114,239,85,100,27,73,2.04,15,,1
24,2017/1/25,÷ÿ∂»Œ€»æ,221,314,171,186,38,91,3.22,14,,1
25,2017/1/26,÷ÿ∂»Œ€»æ,203,289,159,196,25,62,2.66,33,,1
26,2017/1/27,¡º,85,149,60,88,20,28,0.72,59,,0
27,2017/1/28,—œ÷ÿŒ€»æ,364,359,337,419,81,69,2.62,16,,1
28,2017/1/29,¡º,80,166,39,75,10,16,0.72,61,,0
29,2017/1/30,”≈,47,101,24,31,9,19,0.56,62,,0
30,2017/1/31,«·∂»Œ€»æ,102,310,75,86,27,40,1.26,45,,1
0,2017/2/1,¡º,54,125,30,49,12,24,0.6,56,,0
1,2017/2/2,«·∂»Œ€»æ,107,264,80,101,29,58,1.53,31,,1
2,2017/2/3,÷–∂»Œ€»æ,196,327,154,181,43,83,2.57,25,,1
3,2017/2/4,—œ÷ÿŒ€»æ,294,358,247,280,49,92,3.23,33,,1
4,2017/2/5,”≈,32,6,12,16,6,23,0.46,64,,0
5,2017/2/6,”≈,35,14,12,23,6,26,0.47,55,,0
6,2017/2/7,«·∂»Œ€»æ,101,322,75,93,20,59,1.51,17,,1
7,2017/2/8,¡º,60,221,32,50,6,26,0.73,56,,0
8,2017/2/9,”≈,36,24,6,20,2,10,0.3,73,,0
9,2017/2/10,”≈,38,23,6,22,2,13,0.31,74,,0
10,2017/2/11,¡º,62,86,42,66,17,43,0.87,45,,0
11,2017/2/12,«·∂»Œ€»æ,138,306,104,132,41,76,2.28,23,,1
12,2017/2/13,«·∂»Œ€»æ,109,229,79,104,23,66,2.06,32,,1
13,2017/2/14,÷ÿ∂»Œ€»æ,225,338,176,190,30,95,2.89,12,,1
14,2017/2/15,—œ÷ÿŒ€»æ,283,358,232,209,35,105,3.16,22,,1
15,2017/2/16,«·∂»Œ€»æ,145,289,107,71,18,54,1.44,47,,1
16,2017/2/17,”≈,45,39,20,37,6,27,0.52,59,,0
17,2017/2/18,«·∂»Œ€»æ,111,255,83,119,25,71,1.58,25,,1
18,2017/2/19,«·∂»Œ€»æ,150,277,97,143,24,61,1.41,43,,1
19,2017/2/20,”≈,39,15,10,31,4,23,0.42,62,,0
20,2017/2/21,¡º,83,308,60,77,14,58,1.32,17,,0
21,2017/2/22,«·∂»Œ€»æ,106,313,76,50,6,40,1.08,41,,1
22,2017/2/23,”≈,36,43,16,28,6,29,0.59,60,,0
23,2017/2/24,”≈,43,80,25,39,9,43,0.76,45,,0
24,2017/2/25,”≈,30,27,10,21,5,29,0.47,58,,0
25,2017/2/26,”≈,44,50,27,45,9,49,0.76,41,,0
26,2017/2/27,¡º,87,219,64,93,16,75,1.42,27,,0
27,2017/2/28,”≈,34,1,14,29,6,32,0.52,58,,0
0,2017/3/1,”≈,44,28,7,37,2,13,0.32,79,,0
1,2017/3/2,¡º,61,105,36,73,11,50,0.81,40,,0
2,2017/3/3,«·∂»Œ€»æ,110,343,82,139,22,67,1.47,33,,1
3,2017/3/4,«·∂»Œ€»æ,112,273,83,107,24,68,1.54,47,,1
4,2017/3/5,”≈,45,35,14,33,4,19,0.38,73,,0
5,2017/3/6,”≈,44,54,16,44,5,34,0.61,48,,0
6,2017/3/7,”≈,36,12,6,24,2,12,0.3,70,,0
7,2017/3/8,”≈,35,15,9,29,2,20,0.39,68,,0
8,2017/3/9,”≈,35,11,11,32,3,33,0.45,53,,0
9,2017/3/10,¡º,55,85,30,60,10,59,0.79,41,,0
10,2017/3/11,¡º,74,190,45,81,15,47,0.83,51,,0
11,2017/3/12,”≈,41,43,6,27,2,11,0.26,79,,0
12,2017/3/13,”≈,37,48,9,26,4,27,0.4,63,,0
13,2017/3/14,”≈,42,74,17,44,6,38,0.52,52,,0
14,2017/3/15,¡º,84,295,61,91,20,65,1.13,40,,0
15,2017/3/16,«·∂»Œ€»æ,149,361,112,153,23,86,1.35,39,,1
16,2017/3/17,÷–∂»Œ€»æ,159,354,120,159,18,68,1.07,46,,1
17,2017/3/18,÷–∂»Œ€»æ,184,359,140,168,14,65,1.13,67,,1
18,2017/3/19,—œ÷ÿŒ€»æ,272,366,221,249,31,78,2.02,79,,1
19,2017/3/20,÷–∂»Œ€»æ,184,363,142,146,18,72,1.34,39,,1
20,2017/3/21,«·∂»Œ€»æ,113,322,85,91,5,45,0.77,50,,1
21,2017/3/22,÷–∂»Œ€»æ,173,359,131,170,17,77,1.21,39,,1
22,2017/3/23,÷–∂»Œ€»æ,163,355,124,91,6,57,1.63,38,,1
23,2017/3/24,¡º,82,263,59,0,2,46,0.96,34,,0
24,2017/3/25,¡º,55,127,34,25,3,34,0.8,47,,0
25,2017/3/26,”≈,36,14,11,26,2,20,0.33,70,,0
26,2017/3/27,”≈,37,6,15,32,2,30,0.4,61,,0
27,2017/3/28,¡º,80,220,56,90,8,50,0.65,52,,0
28,2017/3/29,«·∂»Œ€»æ,145,353,110,133,9,61,0.86,55,,1
29,2017/3/30,«·∂»Œ€»æ,119,311,88,131,14,54,1.14,46,,1
30,2017/3/31,”≈,48,86,18,47,3,30,0.4,66,,0
0,2017/4/1,¡º,61,119,28,73,5,50,0.58,48,,0
1,2017/4/2,¡º,90,262,66,110,12,70,1.07,48,,0
2,2017/4/3,÷–∂»Œ€»æ,159,360,122,168,19,76,1.26,74,,1
3,2017/4/4,÷–∂»Œ€»æ,175,363,134,155,20,63,1.14,62,,1
4,2017/4/5,¡º,83,224,61,60,5,27,0.61,95,,0
5,2017/4/6,«·∂»Œ€»æ,126,324,95,91,5,44,0.9,74,,1
6,2017/4/7,«·∂»Œ€»æ,103,280,76,120,7,43,0.79,60,,1
7,2017/4/8,«·∂»Œ€»æ,113,328,76,138,6,59,0.89,30,,1
8,2017/4/9,¡º,86,349,63,100,6,45,0.88,46,,0
9,2017/4/10,¡º,90,339,64,117,8,57,0.74,42,,0
10,2017/4/11,¡º,61,204,27,66,3,31,0.38,62,,0
11,2017/4/12,¡º,68,199,25,84,4,49,0.54,46,,0
12,2017/4/13,¡º,91,307,52,131,13,60,1.03,49,,0
13,2017/4/14,¡º,93,317,58,131,5,65,0.85,45,,0
14,2017/4/15,¡º,69,115,34,86,4,48,0.48,63,,0
15,2017/4/16,«·∂»Œ€»æ,134,350,90,171,15,68,0.95,56,,1
16,2017/4/17,÷–∂»Œ€»æ,180,354,125,215,7,54,0.95,57,,1
17,2017/4/18,¡º,65,145,22,78,2,17,0.24,81,,0
18,2017/4/19,¡º,83,230,41,113,6,67,0.8,20,,0
19,2017/4/20,¡º,72,227,37,92,2,43,0.69,46,,0
20,2017/4/21,¡º,55,141,16,56,2,20,0.29,74,,0
21,2017/4/22,¡º,85,325,41,118,7,41,0.46,68,,0
22,2017/4/23,¡º,60,116,22,71,3,21,0.37,86,,0
23,2017/4/23,¡º,60,116,22,71,3,21,0.37,86,,0
24,2017/4/24,¡º,70,168,33,82,4,30,0.5,73,,0
25,2017/4/25,”≈,39,40,11,37,2,22,0.27,59,,0
26,2017/4/26,”≈,43,88,13,38,2,27,0.33,64,,0
27,2017/4/27,”≈,45,87,14,46,2,32,0.31,62,,0
28,2017/4/28,¡º,58,110,21,65,2,36,0.39,67,,0
29,2017/4/29,¡º,75,166,38,99,2,39,0.39,69,,0
30,2017/4/30,«·∂»Œ€»æ,106,312,48,159,4,42,0.48,77,,1
0,2017/5/1,¡º,82,222,40,112,7,44,0.7,71,,0
1,2017/5/2,¡º,95,293,57,129,9,50,0.95,105,,0
2,2017/5/3,«·∂»Œ€»æ,104,324,72,121,8,47,0.85,79,,1
3,2017/5/4,—œ÷ÿŒ€»æ,420,354,336,772,2,21,0.29,79,,1
4,2017/5/5,—œ÷ÿŒ€»æ,256,312,185,438,3,21,0.31,64,,1
5,2017/5/6,¡º,71,128,31,90,2,32,0.36,68,,0
6,2017/5/7,¡º,64,113,26,75,3,40,0.4,78,,0
7,2017/5/8,¡º,84,255,52,109,6,52,0.56,96,,0
8,2017/5/9,¡º,81,280,45,97,6,25,0.51,107,,0
9,2017/5/10,¡º,64,135,37,68,3,29,0.46,87,,0
10,2017/5/11,¡º,91,271,28,130,3,30,0.32,69,,0
11,2017/5/12,«·∂»Œ€»æ,109,303,42,166,4,23,0.39,90,,1
12,2017/5/13,¡º,61,142,18,71,2,15,0.25,72,,0
13,2017/5/14,”≈,47,52,11,37,2,15,0.28,87,,0
14,2017/5/15,¡º,58,183,20,58,5,23,0.52,94,,0
15,2017/5/16,¡º,87,342,40,88,8,28,0.59,126,,0
16,2017/5/17,«·∂»Œ€»æ,118,358,58,111,8,34,0.68,151,,1
17,2017/5/18,«·∂»Œ€»æ,144,356,79,143,9,50,0.82,169,,1
18,2017/5/19,«·∂»Œ€»æ,145,351,83,152,8,39,0.79,153,,1
19,2017/5/20,«·∂»Œ€»æ,115,331,54,124,8,37,0.7,131,,1
20,2017/5/20,«·∂»Œ€»æ,115,331,54,124,8,37,0.7,131,,1
21,2017/5/21,¡º,93,284,56,98,14,26,0.94,123,,0
22,2017/5/22,¡º,62,241,42,60,7,33,1.15,40,,0
23,2017/5/23,”≈,48,157,17,37,3,28,0.36,96,,0
24,2017/5/24,¡º,54,176,16,51,2,41,0.38,77,,0
25,2017/5/25,¡º,70,232,20,82,5,37,0.53,90,,0
26,2017/5/26,¡º,90,289,43,94,8,48,0.58,110,,0
27,2017/5/27,«·∂»Œ€»æ,110,312,65,116,19,45,1.29,154,,1
28,2017/5/28,«·∂»Œ€»æ,150,359,87,137,15,34,1.36,167,,1
29,2017/5/29,¡º,74,146,28,88,7,24,0.66,92,,0
30,2017/5/30,¡º,69,169,39,68,2,36,0.64,91,,0
31,2017/5/31,«·∂»Œ€»æ,117,331,65,105,3,43,0.75,115,,1
0,2017/6/1,¡º,69,213,22,56,3,27,0.6,113,,0
1,2017/6/2,¡º,59,175,22,65,11,36,0.94,53,,0
2,2017/6/3,¡º,60,194,28,55,4,34,0.69,75,,0
3,2017/6/4,¡º,95,354,45,89,9,47,0.63,111,,0
4,2017/6/5,«·∂»Œ€»æ,108,361,63,113,15,59,0.91,119,,1
5,2017/6/6,¡º,55,247,35,46,2,23,0.5,81,,0
6,2017/6/7,¡º,78,302,45,53,2,29,0.6,85,,0
7,2017/6/8,¡º,54,144,23,53,2,51,0.55,63,,0
8,2017/6/9,¡º,89,289,28,88,4,50,0.59,103,,0
9,2017/6/10,¡º,65,263,20,70,10,31,0.77,83,,0
10,2017/6/11,¡º,79,298,31,83,6,46,0.64,88,,0
11,2017/6/12,¡º,71,283,33,78,15,43,1.08,92,,0
12,2017/6/13,¡º,68,255,39,62,4,41,0.81,98,,0
13,2017/6/14,¡º,83,276,36,59,2,45,0.72,106,,0
14,2017/6/15,«·∂»Œ€»æ,104,295,37,89,3,44,0.59,150,,1
15,2017/6/16,«·∂»Œ€»æ,115,301,57,124,5,39,0.62,155,,1
16,2017/6/17,«·∂»Œ€»æ,134,341,79,155,10,36,0.87,177,,1
17,2017/6/18,«·∂»Œ€»æ,130,349,71,128,10,30,0.84,166,,1
18,2017/6/19,¡º,91,317,35,58,2,25,0.57,146,,0
19,2017/6/20,¡º,96,327,31,64,3,24,0.61,157,,0
20,2017/6/21,«·∂»Œ€»æ,101,332,49,83,7,28,0.86,151,,1
21,2017/6/22,¡º,58,225,31,27,1,23,0.77,94,,0
22,2017/6/23,”≈,46,132,18,11,2,18,0.66,85,,0
23,2017/6/24,”≈,40,115,19,26,2,19,0.5,77,,0
24,2017/6/25,¡º,63,233,25,44,2,30,0.5,84,,0
25,2017/6/26,¡º,69,224,22,45,1,34,0.44,104,,0
26,2017/6/27,«·∂»Œ€»æ,135,356,69,106,5,39,0.79,150,,1
27,2017/6/28,«·∂»Œ€»æ,138,359,94,124,7,40,1.17,154,,1
28,2017/6/29,«·∂»Œ€»æ,108,332,59,86,5,30,0.82,152,,1
29,2017/6/30,«·∂»Œ€»æ,127,359,71,111,2,36,0.84,159,,1
0,2017/7/1,«·∂»Œ€»æ,137,362,89,132,3,40,0.97,154,,1
1,2017/7/2,÷–∂»Œ€»æ,157,362,93,122,6,31,1.08,157,,1
2,2017/7/3,¡º,88,308,59,77,2,28,0.81,103,,0
3,2017/7/4,¡º,73,270,48,55,2,37,0.8,88,,0
4,2017/7/5,«·∂»Œ€»æ,117,363,82,92,2,36,1.02,116,,1
5,2017/7/6,¡º,96,356,69,49,3,31,1.37,71,,0
6,2017/7/7,¡º,65,274,31,38,2,18,0.73,113,,0
7,2017/7/8,¡º,80,313,36,57,1,28,0.63,129,,0
8,2017/7/9,«·∂»Œ€»æ,125,361,73,98,2,28,1.02,152,,1
9,2017/7/10,¡º,80,301,24,52,2,30,0.5,124,,0
10,2017/7/11,«·∂»Œ€»æ,118,344,43,88,3,40,0.78,171,,1
11,2017/7/12,«·∂»Œ€»æ,136,363,73,131,3,38,0.92,165,,1
12,2017/7/13,«·∂»Œ€»æ,101,343,65,93,3,24,0.74,131,,1
13,2017/7/14,¡º,71,284,32,62,2,34,0.64,112,,0
14,2017/7/15,¡º,71,302,34,45,2,26,0.89,111,,0
15,2017/7/16,«·∂»Œ€»æ,110,365,63,84,2,34,1.11,123,,1
16,2017/7/17,¡º,84,339,53,71,2,28,1.01,105,,0
17,2017/7/18,¡º,87,344,62,80,2,26,0.89,91,,0
18,2017/7/19,«·∂»Œ€»æ,101,351,73,83,2,24,0.75,101,,1
19,2017/7/20,«·∂»Œ€»æ,127,361,96,113,2,29,0.78,104,,1
20,2017/7/21,”≈,43,121,22,24,2,24,0.67,60,,0
21,2017/7/22,”≈,37,60,21,35,2,29,0.61,46,,0
22,2017/7/23,¡º,60,199,41,58,2,35,0.69,52,,0
23,2017/7/24,¡º,60,206,40,57,2,38,0.76,26,,0
24,2017/7/25,¡º,58,184,31,48,3,31,0.81,71,,0
25,2017/7/26,”≈,41,60,21,33,2,29,0.68,62,,0
26,2017/7/27,¡º,58,177,38,64,2,44,0.93,49,,0
27,2017/7/28,¡º,54,156,26,57,2,41,0.71,62,,0
28,2017/7/29,¡º,63,234,31,59,2,37,0.66,79,,0
29,2017/7/30,¡º,83,306,36,66,2,33,0.65,104,,0
30,2017/7/31,«·∂»Œ€»æ,128,356,75,100,2,34,0.92,143,,1
0,2017/8/1,¡º,98,346,67,86,2,29,0.96,92,,0
1,2017/8/2,¡º,51,234,33,50,3,24,1.04,47,,0
2,2017/8/3,”≈,47,168,19,37,2,17,0.6,85,,0
3,2017/8/4,¡º,68,254,20,43,2,34,0.54,92,,0
4,2017/8/5,¡º,75,281,25,57,2,33,0.62,108,,0
5,2017/8/6,¡º,53,167,16,33,2,27,0.47,87,,0
6,2017/8/7,”≈,50,144,9,32,2,29,0.4,90,,0
7,2017/8/8,¡º,96,353,27,67,2,37,0.64,121,,0
8,2017/8/9,¡º,59,246,21,34,2,23,0.54,103,,0
9,2017/8/10,¡º,90,327,62,83,2,31,0.75,106,,0
10,2017/8/11,«·∂»Œ€»æ,123,358,89,98,2,36,1.14,88,,1
11,2017/8/12,”≈,46,161,29,36,2,34,0.73,68,,0
12,2017/8/13,¡º,60,277,39,50,2,34,0.87,49,,0
13,2017/8/14,¡º,52,222,26,40,2,25,0.74,83,,0
14,2017/8/15,¡º,77,317,52,73,3,30,0.91,94,,0
15,2017/8/16,¡º,87,340,56,71,2,36,0.86,62,,0
16,2017/8/17,”≈,48,176,21,34,2,26,0.67,73,,0
17,2017/8/18,¡º,76,333,51,72,2,50,1.14,60,,0
18,2017/8/19,¡º,64,299,41,50,2,31,1,75,,0
19,2017/8/20,¡º,84,349,59,71,2,35,1.19,77,,0
20,2017/8/21,«·∂»Œ€»æ,103,359,68,92,2,36,1.04,108,,1
21,2017/8/22,«·∂»Œ€»æ,104,361,77,94,2,33,0.93,67,,1
22,2017/8/23,”≈,48,177,10,28,2,25,0.51,81,,0
23,2017/8/24,”≈,41,146,13,36,2,35,0.52,40,,0
24,2017/8/25,”≈,38,102,8,34,2,35,0.41,38,,0
25,2017/8/26,”≈,50,229,13,53,2,46,0.52,29,,0
26,2017/8/27,”≈,35,81,16,27,2,27,0.52,55,,0
27,2017/8/28,”≈,36,123,18,17,2,25,0.49,39,,0
28,2017/8/29,”≈,43,207,14,45,3,34,0.47,41,,0
29,2017/8/30,¡º,74,356,50,85,3,42,0.79,70,,0
30,2017/8/31,«·∂»Œ€»æ,106,359,79,97,2,33,0.88,65,,1
0,2017/9/1,÷–∂»Œ€»æ,177,366,134,149,2,38,1.39,71,,1
1,2017/9/2,«·∂»Œ€»æ,148,366,109,118,2,32,1.16,79,,1
2,2017/9/3,¡º,77,319,55,77,3,29,0.77,87,,0
3,2017/9/4,«·∂»Œ€»æ,117,366,87,111,3,34,0.9,93,,1
4,2017/9/5,¡º,67,295,39,59,2,33,0.65,51,,0
5,2017/9/6,”≈,47,190,14,47,2,40,0.48,56,,0
6,2017/9/7,¡º,85,333,42,97,2,46,0.72,102,,0
7,2017/9/8,«·∂»Œ€»æ,139,364,106,134,2,58,1.08,51,,1
8,2017/9/9,«·∂»Œ€»æ,110,352,78,115,2,31,1.12,148,,1
9,2017/9/10,«·∂»Œ€»æ,121,364,90,104,3,40,1.14,56,,1
10,2017/9/11,”≈,43,142,19,36,2,38,0.5,46,,0
11,2017/9/12,”≈,50,128,19,55,1,41,0.5,59,,0
12,2017/9/13,«·∂»Œ€»æ,101,348,70,120,5,56,1.07,94,,1
13,2017/9/14,«·∂»Œ€»æ,125,365,86,125,4,47,1.03,89,,1
14,2017/9/15,¡º,83,312,58,98,3,59,0.84,59,,0
15,2017/9/16,«·∂»Œ€»æ,116,355,87,124,3,60,1.04,74,,1
16,2017/9/17,”≈,36,39,10,30,2,32,0.37,53,,0
17,2017/9/18,¡º,61,134,21,70,2,53,0.55,62,,0
18,2017/9/19,”≈,47,97,12,48,2,44,0.44,42,,0
19,2017/9/20,”≈,47,150,12,51,2,44,0.41,47,,0
20,2017/9/21,¡º,88,308,55,115,7,73,0.94,66,,0
21,2017/9/22,¡º,69,245,24,90,2,38,0.46,53,,0
22,2017/9/23,«·∂»Œ€»æ,117,354,46,183,5,68,0.82,47,,1
23,2017/9/24,¡º,100,347,59,146,4,54,0.97,84,,0
24,2017/9/25,«·∂»Œ€»æ,103,345,75,129,7,45,1.44,79,,1
25,2017/9/26,¡º,74,312,48,67,2,40,0.71,35,,0
26,2017/9/27,¡º,53,238,26,58,3,47,0.92,14,,0
27,2017/9/28,”≈,33,55,9,33,2,27,0.32,41,,0
28,2017/9/29,¡º,74,288,40,95,3,67,0.72,34,,0
29,2017/9/30,«·∂»Œ€»æ,144,361,107,155,4,66,1.11,56,,1
0,2017/10/1,«·∂»Œ€»æ,111,352,73,91,1,47,0.75,52,,1
1,2017/10/2,”≈,42,159,12,44,3,32,0.5,24,,0
2,2017/10/3,”≈,34,109,15,33,1,32,0.43,23,,0
3,2017/10/5,¡º,74,346,53,77,4,38,0.72,45,,0
4,2017/10/6,¡º,91,353,67,89,5,47,0.78,43,,0
5,2017/10/7,«·∂»Œ€»æ,146,361,109,131,2,71,1.11,11,,1
6,2017/10/8,÷–∂»Œ€»æ,168,363,126,91,2,67,1.26,5,,1
7,2017/10/9,”≈,45,179,29,10,2,29,0.64,20,,0
8,2017/10/10,”≈,19,6,5,8,2,18,0.33,31,,0
9,2017/10/11,”≈,22,15,10,20,2,26,0.41,22,,0
10,2017/10/12,”≈,35,141,19,35,2,37,0.49,22,,0
11,2017/10/13,¡º,53,234,35,53,1,45,0.75,22,,0
12,2017/10/14,”≈,34,82,14,32,3,41,0.61,18,,0
13,2017/10/15,¡º,64,266,46,52,2,38,1.01,21,,0
14,2017/10/16,¡º,56,237,38,51,3,39,0.92,29,,0
15,2017/10/17,¡º,92,319,68,80,2,46,1.19,25,,0
16,2017/10/18,¡º,90,326,67,22,2,44,1.18,17,,0
17,2017/10/19,¡º,74,261,53,20,1,36,1.16,24,,0
18,2017/10/20,«·∂»Œ€»æ,123,325,93,47,2,44,1.36,25,,1
19,2017/10/21,«·∂»Œ€»æ,103,308,75,57,2,36,1.31,36,,1
20,2017/10/22,¡º,54,115,37,47,3,41,0.89,16,,0
21,2017/10/23,”≈,49,91,34,43,2,36,0.66,24,,0
22,2017/10/24,¡º,90,263,66,76,2,44,0.91,30,,0
23,2017/10/25,«·∂»Œ€»æ,141,350,106,58,2,52,1.27,16,,1
24,2017/10/26,÷–∂»Œ€»æ,195,360,149,17,2,65,1.56,11,,1
25,2017/10/27,÷ÿ∂»Œ€»æ,217,352,166,0,2,65,1.54,20,,1
26,2017/10/28,¡º,78,172,47,48,1,26,0.66,38,,0
27,2017/10/29,”≈,27,4,7,21,2,24,0.34,39,,0
28,2017/10/30,”≈,40,31,17,41,3,44,0.53,24,,0
29,2017/10/31,¡º,83,229,56,98,4,69,0.94,7,,0
0,2017/11/1,¡º,88,193,63,99,2,76,1.01,12,,0
1,2017/11/2,¡º,75,113,50,84,5,55,0.91,27,,0
2,2017/11/3,”≈,28,4,7,27,2,27,0.34,39,,0
3,2017/11/4,¡º,56,102,33,60,3,51,0.73,22,,0
4,2017/11/5,«·∂»Œ€»æ,131,329,98,118,5,67,1.23,17,,1
5,2017/11/6,÷–∂»Œ€»æ,200,356,151,136,4,67,1.48,25,,1
6,2017/11/7,«·∂»Œ€»æ,129,265,86,74,2,43,0.93,35,,1
7,2017/11/8,”≈,41,53,18,42,5,48,0.79,19,,0
8,2017/11/9,¡º,75,179,50,89,5,61,1.34,8,,0
9,2017/11/10,”≈,40,28,9,39,2,15,0.31,49,,0
10,2017/11/11,”≈,35,38,16,34,3,34,0.42,24,,0
11,2017/11/12,¡º,75,253,53,89,5,61,0.97,7,,0
12,2017/11/13,¡º,63,165,26,71,2,30,0.62,38,,0
13,2017/11/14,”≈,30,10,9,27,2,23,0.44,39,,0
14,2017/11/15,”≈,38,54,14,36,2,35,0.51,35,,0
15,2017/11/16,¡º,76,213,55,83,9,69,1.29,10,,0
16,2017/11/17,¡º,57,154,24,59,4,32,0.67,40,,0
17,2017/11/18,¡º,54,224,34,54,5,31,0.58,38,,0
18,2017/11/19,«·∂»Œ€»æ,115,346,86,114,8,69,1.27,8,,1
19,2017/11/20,«·∂»Œ€»æ,135,342,101,128,10,83,1.82,11,,1
20,2017/11/21,÷–∂»Œ€»æ,166,354,119,161,11,85,1.83,20,,1
21,2017/11/22,”≈,35,45,7,33,2,16,0.33,52,,0
22,2017/11/23,”≈,31,16,6,28,2,19,0.37,43,,0
23,2017/11/24,”≈,40,49,18,44,5,31,0.53,33,,0
24,2017/11/25,¡º,63,128,39,74,7,57,0.97,16,,0
25,2017/11/26,”≈,36,27,10,27,2,22,0.39,49,,0
26,2017/11/27,¡º,91,236,67,92,9,69,1.37,8,,0
27,2017/11/28,¡º,75,127,39,78,4,39,0.86,36,,0
28,2017/11/29,”≈,34,15,12,32,3,32,0.48,33,,0
29,2017/11/30,”≈,45,116,22,46,6,41,0.68,28,,0
0,2017/12/1,¡º,91,280,67,99,10,66,1.26,12,,0
1,2017/12/2,÷–∂»Œ€»æ,187,344,144,177,15,103,2.24,5,,1
2,2017/12/3,¡º,79,191,52,72,6,41,0.92,40,,0
3,2017/12/4,”≈,28,2,5,21,1,15,0.34,53,,0
4,2017/12/5,”≈,44,34,22,46,5,43,0.72,27,,0
5,2017/12/6,”≈,49,30,23,53,6,41,0.78,32,,0
6,2017/12/7,”≈,27,2,8,25,4,19,0.42,39,,0
7,2017/12/8,”≈,41,23,20,43,5,40,0.73,23,,0
8,2017/12/9,¡º,56,41,33,62,8,58,1.04,16,,0
9,2017/12/10,”≈,43,19,6,45,2,13,0.28,61,,0
10,2017/12/11,”≈,28,6,5,20,2,15,0.32,54,,0
11,2017/12/12,”≈,28,7,12,25,3,30,0.55,27,,0
12,2017/12/13,”≈,49,82,31,49,6,50,0.87,10,,0
13,2017/12/14,¡º,94,249,70,85,18,68,1.76,6,,0
14,2017/12/15,¡º,62,179,35,57,6,34,0.85,37,,0
15,2017/12/16,”≈,40,69,7,39,1,10,0.32,58,,0
16,2017/12/17,”≈,46,54,24,48,5,48,0.76,30,,0
17,2017/12/18,”≈,48,32,13,49,3,21,0.44,47,,0
18,2017/12/19,¡º,55,102,34,66,8,47,0.74,20,,0
19,2017/12/20,”≈,44,18,21,44,4,40,0.65,36,,0
20,2017/12/21,¡º,74,126,51,77,12,77,1.33,9,,0
21,2017/12/22,¡º,62,50,36,63,9,55,1.07,29,,0
22,2017/12/23,”≈,50,20,30,55,10,60,1.02,13,,0
23,2017/12/24,”≈,50,33,14,50,3,17,0.42,59,,0
24,2017/12/25,”≈,46,33,28,46,8,44,0.69,28,,0
25,2017/12/26,”≈,41,32,22,42,6,45,0.73,31,,0
26,2017/12/27,«·∂»Œ€»æ,101,176,75,91,10,69,1.45,7,,1
27,2017/12/28,«·∂»Œ€»æ,140,240,105,120,11,68,1.86,10,,1
28,2017/12/29,÷ÿ∂»Œ€»æ,221,292,172,194,6,85,2.9,6,,1
29,2017/12/30,÷–∂»Œ€»æ,157,254,116,129,4,62,2.03,22,,1
30,2017/12/31,¡º,55,40,29,62,5,47,0.83,21,,0
0,2018/1/1,¡º,55,42,35,65,11,46,1.23,23,,0
1,2018/1/2,”≈,46,44,27,48,6,35,0.94,28,,0
2,2018/1/3,”≈,29,21,10,26,4,20,0.44,44,,0
3,2018/1/4,”≈,28,56,14,27,4,31,0.51,32,,0
4,2018/1/5,¡º,51,127,30,52,8,51,0.95,20,,0
5,2018/1/6,”≈,29,44,14,27,5,38,0.57,35,,0
6,2018/1/7,¡º,56,170,37,57,10,46,0.92,27,,0
7,2018/1/8,¡º,51,111,12,56,3,10,0.34,60,,0
8,2018/1/9,”≈,37,28,6,32,2,12,0.35,58,,0
9,2018/1/10,”≈,32,14,5,20,2,8,0.3,62,,0
10,2018/1/11,”≈,30,5,10,21,4,22,0.47,46,,0
11,2018/1/12,¡º,77,222,55,77,12,72,1.32,11,,0
12,2018/1/13,«·∂»Œ€»æ,130,291,98,122,17,85,1.83,8,,1
13,2018/1/14,÷–∂»Œ€»æ,177,327,136,151,13,77,1.91,23,,1
14,2018/1/15,”≈,48,23,29,52,7,48,0.94,29,,0
15,2018/1/16,«·∂»Œ€»æ,114,205,45,175,5,43,0.79,37,,1
16,2018/1/17,¡º,77,80,43,106,9,51,1.09,31,,0
17,2018/1/18,¡º,87,119,56,96,11,74,1.19,14,,0
18,2018/1/19,«·∂»Œ€»æ,108,174,80,119,14,78,1.56,19,,1
19,2018/1/20,¡º,61,84,30,73,9,51,0.88,24,,0
20,2018/1/21,¡º,63,106,35,74,20,47,1.3,21,,0
21,2018/1/22,”≈,45,53,23,47,4,28,0.7,45,,0
22,2018/1/23,”≈,35,12,8,29,3,14,0.44,58,,0
23,2018/1/24,”≈,36,18,15,30,4,28,0.48,52,,0
24,2018/1/25,”≈,29,38,8,21,3,26,0.44,52,,0
25,2018/1/26,”≈,39,81,24,36,7,43,0.6,34,,0
26,2018/1/27,«·∂»Œ€»æ,105,307,78,92,14,71,1.48,9,,1
27,2018/1/28,¡º,56,139,13,62,2,16,0.42,62,,0
28,2018/1/29,¡º,55,106,8,61,3,18,0.37,59,,0
29,2018/1/30,”≈,36,13,10,34,5,26,0.44,57,,0
30,2018/1/31,¡º,61,93,19,70,6,28,0.47,54,,0
0,2018/2/1,¡º,67,72,30,83,10,39,0.78,39,,0
1,2018/2/2,”≈,35,5,7,29,4,11,0.36,67,,0
2,2018/2/3,”≈,28,1,7,20,4,19,0.4,55,,0
3,2018/2/4,”≈,37,10,17,34,7,33,0.57,43,,0
4,2018/2/5,”≈,32,6,6,17,3,14,0.34,64,,0
5,2018/2/6,¡º,61,109,41,53,12,51,0.9,29,,0
6,2018/2/7,¡º,63,79,32,53,8,34,0.73,54,,0
7,2018/2/8,¡º,69,84,48,68,11,54,0.96,32,,0
8,2018/2/9,¡º,90,125,41,109,8,36,0.81,47,,0
9,2018/2/10,”≈,41,9,9,41,3,12,0.36,67,,0
10,2018/2/11,¡º,64,103,8,78,3,6,0.28,73,,0
11,2018/2/12,¡º,52,58,10,55,4,13,0.38,66,,0
12,2018/2/13,¡º,80,210,55,77,13,58,1.2,29,,0
13,2018/2/14,”≈,43,18,14,35,3,19,0.44,69,,0
14,2018/2/15,¡º,62,102,37,48,13,19,0.52,70,,0
15,2018/2/16,«·∂»Œ€»æ,105,151,75,97,14,23,0.61,64,,1
16,2018/2/17,«·∂»Œ€»æ,105,233,78,89,15,34,1.43,42,,1
17,2018/2/18,«·∂»Œ€»æ,148,329,113,95,14,48,1.86,47,,1
18,2018/2/19,÷–∂»Œ€»æ,185,348,140,75,23,44,2.18,52,,1
19,2018/2/20,¡º,72,230,47,19,5,21,0.72,68,,0
20,2018/2/21,¡º,51,147,32,41,7,26,0.66,60,,0
21,2018/2/22,”≈,44,108,15,44,5,27,0.51,57,,0
22,2018/2/23,”≈,48,112,20,48,5,30,0.63,53,,0
23,2018/2/24,¡º,63,203,30,77,10,22,0.73,54,,0
24,2018/2/25,¡º,75,222,54,66,10,42,0.88,41,,0
25,2018/2/26,÷–∂»Œ€»æ,159,340,120,120,21,71,1.66,43,,1
26,2018/2/27,÷ÿ∂»Œ€»æ,219,353,169,171,12,57,2.05,38,,1
27,2018/2/28,«·∂»Œ€»æ,133,312,92,121,9,37,1.12,66,,1
0,2018/3/1,”≈,48,63,14,48,3,15,0.38,75,,0
1,2018/3/2,¡º,99,318,73,99,17,52,1.08,41,,0
2,2018/3/3,÷ÿ∂»Œ€»æ,217,357,167,195,19,75,1.94,29,,1
3,2018/3/4,«·∂»Œ€»æ,135,344,61,198,7,37,0.89,38,,1
4,2018/3/5,¡º,92,345,47,132,8,43,0.93,37,,0
5,2018/3/6,¡º,65,261,45,65,10,40,0.95,44,,0
6,2018/3/7,¡º,64,238,44,61,8,48,0.78,34,,0
7,2018/3/8,¡º,61,212,42,58,5,35,0.73,59,,0
8,2018/3/9,«·∂»Œ€»æ,136,344,101,112,12,68,1.3,35,,1
9,2018/3/10,÷–∂»Œ€»æ,165,343,123,136,15,64,1.53,60,,1
10,2018/3/11,¡º,83,210,60,69,16,47,1.33,51,,0
11,2018/3/12,÷–∂»Œ€»æ,183,343,141,147,11,72,1.7,43,,1
12,2018/3/13,—œ÷ÿŒ€»æ,289,358,238,9,10,93,2.08,71,,1
13,2018/3/14,—œ÷ÿŒ€»æ,293,362,242,0,16,80,2.61,54,,1
14,2018/3/15,¡º,69,189,26,48,3,17,0.46,75,,0
15,2018/3/16,¡º,57,199,31,63,6,29,0.59,62,,0
16,2018/3/17,¡º,82,294,58,35,4,60,0.93,18,,0
17,2018/3/18,«·∂»Œ€»æ,135,337,102,21,2,54,1.02,41,,1
18,2018/3/19,«·∂»Œ€»æ,101,289,73,29,3,45,0.78,51,,1
19,2018/3/20,”≈,44,92,22,39,3,32,0.48,61,,0
20,2018/3/21,¡º,78,298,56,79,8,53,0.84,38,,0
21,2018/3/22,«·∂»Œ€»æ,114,329,85,103,7,65,0.96,47,,1
22,2018/3/23,«·∂»Œ€»æ,146,332,110,137,10,86,1.36,31,,1
23,2018/3/24,«·∂»Œ€»æ,117,302,85,84,9,60,1.12,63,,1
24,2018/3/25,¡º,76,159,53,91,6,56,0.63,70,,0
25,2018/3/26,÷–∂»Œ€»æ,155,348,117,141,11,70,0.99,78,,1
26,2018/3/27,÷ÿ∂»Œ€»æ,245,363,194,195,11,98,1.37,64,,1
27,2018/3/28,—œ÷ÿŒ€»æ,388,361,154,858,5,52,0.89,56,,1
28,2018/3/29,«·∂»Œ€»æ,115,295,44,178,12,45,0.86,51,,1
29,2018/3/30,¡º,68,139,39,81,7,50,0.59,60,,0
30,2018/3/31,«·∂»Œ€»æ,128,320,96,148,12,80,1.05,56,,1
0,2018/4/1,÷ÿ∂»Œ€»æ,221,361,173,209,14,78,1.51,102,,1
1,2018/4/2,—œ÷ÿŒ€»æ,283,362,229,211,10,61,1.82,104,,1
2,2018/4/3,¡º,78,182,12,98,2,15,0.28,75,,0
3,2018/4/4,”≈,34,1,21,20,2,30,0.44,36,,0
4,2018/4/5,¡º,91,293,48,70,2,28,0.59,33,,0
5,2018/4/5,¡º,91,293,48,70,2,28,0.59,33,,0
6,2018/4/6,¡º,78,186,16,89,1,8,0.26,86,,0
7,2018/4/7,¡º,52,47,15,43,3,18,0.31,86,,0
8,2018/4/8,¡º,68,117,38,85,5,47,0.56,55,,0
9,2018/4/9,«·∂»Œ€»æ,112,323,83,121,20,62,1.36,65,,1
10,2018/4/10,¡º,96,243,53,118,7,39,0.87,60,,0
11,2018/4/11,”≈,50,36,17,53,3,33,0.32,66,,0
12,2018/4/12,¡º,78,240,30,106,8,38,0.61,64,,0
13,2018/4/13,¡º,64,267,37,59,8,54,1.18,34,,0
14,2018/4/14,«·∂»Œ€»æ,122,321,28,171,1,12,0.3,82,,1
15,2018/4/15,¡º,66,171,22,84,3,27,0.33,74,,0
16,2018/4/16,«·∂»Œ€»æ,104,256,68,151,9,48,0.66,80,,1
17,2018/4/17,«·∂»Œ€»æ,142,350,97,217,9,40,0.81,100,,1
18,2018/4/18,«·∂»Œ€»æ,144,354,107,208,9,45,0.86,93,,1
19,2018/4/19,÷–∂»Œ€»æ,170,361,123,192,8,52,1.01,116,,1
20,2018/4/20,÷–∂»Œ€»æ,173,360,123,157,13,41,1.4,145,,1
21,2018/4/21,«·∂»Œ€»æ,102,350,72,49,3,36,1.03,67,,1
22,2018/4/22,”≈,35,12,9,18,2,18,0.38,67,,0
23,2018/4/23,”≈,41,67,15,32,2,24,0.41,76,,0
24,2018/4/24,”≈,45,109,17,36,3,36,0.42,68,,0
25,2018/4/25,¡º,61,138,30,62,3,43,0.46,81,,0
26,2018/4/26,«·∂»Œ€»æ,118,345,88,110,7,49,0.76,94,,1
27,2018/4/27,«·∂»Œ€»æ,111,326,41,169,3,39,0.58,87,,1
28,2018/4/28,«·∂»Œ€»æ,129,330,86,165,9,53,0.76,112,,1
29,2018/4/29,÷–∂»Œ€»æ,196,355,151,175,7,61,1.07,103,,1
30,2018/4/30,¡º,62,149,28,69,4,23,0.65,85,,0
0,2018/5/1,«·∂»Œ€»æ,125,344,40,176,2,28,0.46,57,,1
1,2018/5/2,”≈,45,47,15,43,2,22,0.28,70,,0
2,2018/5/3,”≈,50,59,13,51,2,25,0.26,79,,0
3,2018/5/4,¡º,87,287,57,108,7,53,0.59,89,,0
4,2018/5/5,÷–∂»Œ€»æ,179,360,78,246,4,45,0.52,70,,1
5,2018/5/6,«·∂»Œ€»æ,121,360,59,190,3,40,0.51,82,,1
6,2018/5/7,«·∂»Œ€»æ,102,340,55,137,8,34,0.76,115,,1
7,2018/5/8,¡º,68,220,27,76,4,39,0.49,81,,0
8,2018/5/9,¡º,86,267,43,96,7,46,0.63,100,,0
9,2018/5/10,«·∂»Œ€»æ,122,356,89,138,11,60,1.03,119,,1
10,2018/5/11,«·∂»Œ€»æ,105,352,78,107,5,50,0.84,86,,1
11,2018/5/12,÷–∂»Œ€»æ,190,362,139,132,3,43,1.51,80,,1
12,2018/5/13,¡º,72,175,44,78,5,38,0.58,96,,0
13,2018/5/14,÷–∂»Œ€»æ,168,364,118,150,6,43,1.21,137,,1
14,2018/5/15,¡º,95,303,67,102,4,39,1.02,101,,0
15,2018/5/16,«·∂»Œ€»æ,147,353,111,75,4,36,1.81,93,,1
16,2018/5/17,¡º,64,226,43,52,2,27,0.95,60,,0
17,2018/5/18,¡º,60,153,21,47,3,25,0.53,108,,0
18,2018/5/19,¡º,78,324,36,70,4,41,0.74,100,,0
19,2018/5/20,¡º,59,256,36,45,2,28,0.77,89,,0
20,2018/5/21,¡º,82,339,60,25,2,36,1.02,35,,0
21,2018/5/22,«·∂»Œ€»æ,105,336,42,133,1,24,0.4,63,,1
22,2018/5/23,«·∂»Œ€»æ,142,357,56,231,4,39,0.47,77,,1
23,2018/5/24,«·∂»Œ€»æ,107,321,49,129,7,49,0.74,118,,1
24,2018/5/25,«·∂»Œ€»æ,111,327,60,126,6,38,0.76,131,,1
25,2018/5/26,«·∂»Œ€»æ,140,306,99,167,3,35,0.81,87,,1
26,2018/5/27,¡º,89,254,42,125,2,31,0.35,83,,0
27,2018/5/28,÷–∂»Œ€»æ,188,359,64,256,2,22,0.24,67,,1
28,2018/5/29,”≈,46,52,12,38,2,30,0.31,67,,0
29,2018/5/30,¡º,56,126,12,36,2,32,0.34,94,,0
30,2018/5/31,¡º,97,302,26,66,5,42,0.56,130,,0
0,2018/6/1,¡º,91,252,26,66,2,44,0.47,130,,0
1,2018/6/2,«·∂»Œ€»æ,120,328,47,101,7,48,0.7,159,,1
2,2018/6/3,¡º,92,257,53,125,3,37,0.64,105,,0
3,2018/6/4,¡º,76,240,28,86,2,38,0.42,98,,0
4,2018/6/5,«·∂»Œ€»æ,110,327,38,117,6,44,0.55,135,,1
5,2018/6/6,«·∂»Œ€»æ,116,328,48,139,8,42,0.69,151,,1
6,2018/6/7,¡º,71,200,23,58,2,23,0.48,113,,0
7,2018/6/8,¡º,52,156,13,36,2,30,0.42,87,,0
8,2018/6/9,¡º,52,174,20,43,2,29,0.53,81,,0
9,2018/6/10,¡º,60,182,31,32,1,21,0.67,103,,0
10,2018/6/11,¡º,88,295,63,61,1,29,0.78,106,,0
11,2018/6/12,«·∂»Œ€»æ,125,357,84,94,2,43,0.94,111,,1
12,2018/6/13,¡º,77,260,46,38,2,30,0.88,82,,0
13,2018/6/14,¡º,66,208,21,38,2,35,0.61,105,,0
14,2018/6/15,«·∂»Œ€»æ,130,362,80,46,4,28,1.41,128,,1
15,2018/6/16,«·∂»Œ€»æ,111,339,77,69,2,28,0.94,124,,1
16,2018/6/17,¡º,77,255,45,59,2,27,0.77,121,,0
17,2018/6/18,«·∂»Œ€»æ,126,364,80,92,2,33,0.88,116,,1
18,2018/6/19,¡º,92,343,49,69,3,26,0.91,119,,0
19,2018/6/20,¡º,79,304,38,50,2,29,0.7,106,,0
20,2018/6/21,¡º,91,302,25,61,5,33,0.71,133,,0
21,2018/6/22,¡º,90,309,56,87,6,49,1.05,106,,0
22,2018/6/23,«·∂»Œ€»æ,128,358,55,84,3,32,0.8,181,,1
23,2018/6/24,«·∂»Œ€»æ,121,347,54,94,3,32,0.75,170,,1
24,2018/6/25,«·∂»Œ€»æ,109,363,76,113,4,41,1.02,143,,1
25,2018/6/26,÷–∂»Œ€»æ,183,365,124,44,3,34,1.58,141,,1
26,2018/6/27,¡º,57,254,25,49,2,32,0.49,73,,0
27,2018/6/28,”≈,40,130,8,23,3,21,0.3,79,,0
28,2018/6/29,¡º,71,258,17,56,2,41,0.45,92,,0
29,2018/6/30,«·∂»Œ€»æ,108,361,31,74,4,33,0.83,140,,1
0,2018/7/1,¡º,80,312,46,57,3,24,0.92,115,,0
1,2018/7/2,¡º,72,302,42,55,2,22,0.76,92,,0
2,2018/7/3,¡º,85,327,53,54,2,22,0.76,108,,0
3,2018/7/4,«·∂»Œ€»æ,112,360,57,78,2,29,0.82,138,,1
4,2018/7/5,«·∂»Œ€»æ,126,362,69,107,3,33,1.09,142,,1
5,2018/7/6,¡º,92,326,33,54,2,23,0.87,142,,0
6,2018/7/7,¡º,72,326,51,55,2,25,0.84,42,,0
7,2018/7/8,¡º,81,349,50,29,2,21,0.83,91,,0
8,2018/7/9,«·∂»Œ€»æ,103,364,77,44,2,27,0.9,57,,1
9,2018/7/10,”≈,49,241,32,34,2,20,0.69,63,,0
10,2018/7/11,”≈,43,161,28,27,2,32,0.61,47,,0
11,2018/7/12,”≈,44,187,30,25,2,28,0.7,46,,0
12,2018/7/13,¡º,59,295,41,49,2,36,0.82,55,,0
13,2018/7/14,¡º,80,353,49,43,2,22,0.72,95,,0
14,2018/7/15,¡º,99,355,58,54,3,27,0.85,110,,0
15,2018/7/16,”≈,45,181,26,29,2,25,0.72,58,,0
16,2018/7/17,”≈,27,30,17,16,2,25,0.66,46,,0
17,2018/7/18,«·∂»Œ€»æ,105,362,78,58,2,24,1.22,67,,1
18,2018/7/19,¡º,91,351,67,63,4,31,0.92,75,,0
19,2018/7/20,«·∂»Œ€»æ,114,364,83,57,3,26,1.02,104,,1
20,2018/7/21,«·∂»Œ€»æ,107,361,68,81,3,20,0.8,123,,1
21,2018/7/22,¡º,69,287,42,50,2,24,0.77,71,,0
22,2018/7/23,¡º,81,342,52,60,2,22,0.88,81,,0
23,2018/7/24,”≈,27,33,16,22,2,16,0.59,32,,0
24,2018/7/25,”≈,36,71,9,16,2,16,0.47,71,,0
25,2018/7/26,”≈,48,165,10,28,2,22,0.49,86,,0
26,2018/7/27,¡º,68,318,45,56,2,21,1.05,102,,0
27,2018/7/28,¡º,94,344,53,66,2,19,1.04,128,,0
28,2018/7/29,«·∂»Œ€»æ,111,365,71,89,2,26,1.22,126,,1
29,2018/7/30,«·∂»Œ€»æ,116,365,71,87,2,26,1.1,126,,1
30,2018/7/31,«·∂»Œ€»æ,118,366,61,83,3,28,1.05,135,,1
0,2018/8/1,«·∂»Œ€»æ,109,366,55,83,2,25,1.03,148,,1
1,2018/8/2,«·∂»Œ€»æ,130,366,83,102,4,23,1.49,139,,1
2,2018/8/3,¡º,100,349,53,81,2,26,0.97,123,,0
3,2018/8/4,«·∂»Œ€»æ,122,359,63,97,9,26,1.24,163,,1
4,2018/8/5,¡º,67,288,35,58,3,18,0.8,94,,0
5,2018/8/6,¡º,53,187,36,49,11,30,1.39,51,,0
6,2018/8/7,¡º,86,339,58,64,2,24,1.24,89,,0
7,2018/8/8,”≈,41,97,19,22,3,18,0.89,63,,0
8,2018/8/9,¡º,67,259,24,35,1,25,0.92,98,,0
9,2018/8/10,«·∂»Œ€»æ,102,346,30,47,4,24,0.82,140,,1
10,2018/8/11,¡º,69,227,40,46,2,22,1.03,107,,0
11,2018/8/12,¡º,74,291,53,39,4,22,1.19,77,,0
12,2018/8/13,¡º,66,299,46,49,2,22,1.01,103,,0
13,2018/8/14,”≈,41,169,22,30,3,17,0.74,61,,0
14,2018/8/15,”≈,37,119,12,27,1,21,0.5,66,,0
15,2018/8/16,¡º,53,294,12,29,4,20,0.42,100,,0
16,2018/8/17,¡º,100,359,32,63,2,30,0.63,152,,0
17,2018/8/18,”≈,46,204,13,23,4,22,0.49,77,,0
18,2018/8/19,”≈,40,129,20,36,2,27,0.73,51,,0
19,2018/8/20,¡º,51,213,22,38,4,20,0.7,87,,0
20,2018/8/21,”≈,44,101,12,32,1,24,0.43,84,,0
21,2018/8/22,”≈,47,133,17,47,4,39,0.63,43,,0
22,2018/8/23,¡º,51,132,15,40,2,27,0.58,86,,0
23,2018/8/25,¡º,90,302,34,74,3,24,0.72,136,,0
24,2018/8/27,«·∂»Œ€»æ,114,351,59,83,5,29,1.02,147,,1
25,2018/8/29,”≈,44,166,6,24,1,19,0.41,91,,0
26,2018/8/31,¡º,62,303,14,30,2,21,0.51,119,,0
0,2018/9/2,¡º,58,289,40,33,2,16,0.73,96,,0
1,2018/9/3,”≈,46,179,16,15,6,14,0.41,59,,0
2,2018/9/4,”≈,26,38,6,18,1,21,0.34,51,,0
3,2018/9/5,”≈,37,84,10,30,3,28,0.41,65,,0
4,2018/9/6,”≈,40,114,7,35,2,17,0.34,55,,0
5,2018/9/7,”≈,25,20,4,17,2,14,0.3,48,,0
6,2018/9/8,”≈,29,38,6,22,2,24,0.33,46,,0
7,2018/9/9,¡º,55,230,22,54,4,38,0.52,61,,0
8,2018/9/10,¡º,66,292,41,72,5,49,0.89,65,,0
9,2018/9/11,¡º,71,316,43,72,5,38,0.76,71,,0
10,2018/9/12,¡º,65,277,42,47,3,36,0.72,88,,0
11,2018/9/13,«·∂»Œ€»æ,109,363,79,100,4,47,0.93,91,,1
12,2018/9/14,«·∂»Œ€»æ,128,365,97,114,3,48,1.04,86,,1
13,2018/9/15,”≈,39,122,17,25,1,19,0.38,51,,0
14,2018/9/16,”≈,30,73,6,24,2,28,0.34,49,,0
15,2018/9/17,”≈,42,199,11,42,2,44,0.42,30,,0
16,2018/9/18,”≈,50,250,18,52,2,45,0.53,32,,0
17,2018/9/19,¡º,53,259,25,58,7,50,0.68,23,,0
18,2018/9/20,¡º,64,310,41,67,2,46,0.72,57,,0
19,2018/9/21,”≈,48,183,16,45,2,26,0.36,39,,0
20,2018/9/22,”≈,27,20,5,26,1,16,0.25,48,,0
21,2018/9/23,”≈,29,56,5,27,2,19,0.26,39,,0
22,2018/9/24,”≈,27,45,6,21,2,23,0.31,40,,0
23,2018/9/25,”≈,47,203,21,48,3,29,0.6,61,,0
24,2018/9/26,¡º,52,264,32,54,2,38,0.62,49,,0
25,2018/9/27,¡º,85,347,62,80,4,56,0.89,33,,0
26,2018/9/28,¡º,76,334,52,22,2,34,0.75,37,,0
27,2018/9/29,”≈,22,3,6,13,4,21,0.32,37,,0
28,2018/9/30,”≈,23,9,5,18,2,19,0.3,37,,0
0,2018/10/1,”≈,31,36,7,19,3,17,0.3,59,,0
1,2018/10/2,”≈,32,26,10,27,2,31,0.4,45,,0
2,2018/10/3,”≈,37,41,11,32,3,38,0.44,44,,0
3,2018/10/4,¡º,67,200,41,70,7,51,0.96,69,,0
4,2018/10/5,«·∂»Œ€»æ,105,346,78,94,7,52,1.2,66,,1
5,2018/10/6,”≈,33,24,9,22,2,17,0.3,54,,0
6,2018/10/7,”≈,35,38,9,34,2,35,0.34,34,,0
7,2018/10/8,”≈,39,68,9,34,2,33,0.36,42,,0
8,2018/10/9,”≈,23,12,3,14,2,12,0.22,43,,0
9,2018/10/10,”≈,25,23,5,22,2,23,0.3,31,,0
10,2018/10/11,”≈,32,45,9,29,2,32,0.32,33,,0
11,2018/10/12,¡º,63,226,33,71,3,54,0.56,33,,0
12,2018/10/13,«·∂»Œ€»æ,107,355,80,103,6,69,0.97,44,,1
13,2018/10/14,÷–∂»Œ€»æ,179,366,136,147,4,73,1.22,52,,1
14,2018/10/15,÷–∂»Œ€»æ,200,365,152,122,4,67,1.41,33,,1
15,2018/10/16,¡º,82,302,60,21,2,34,0.86,45,,0
16,2018/10/17,¡º,54,197,32,38,2,39,0.65,28,,0
17,2018/10/18,”≈,49,177,28,48,2,49,0.57,32,,0
18,2018/10/19,¡º,60,264,41,56,3,54,0.64,40,,0
19,2018/10/20,¡º,86,327,63,77,4,64,0.82,39,,0
20,2018/10/21,«·∂»Œ€»æ,144,355,108,118,6,80,1.27,26,,1
21,2018/10/22,÷–∂»Œ€»æ,168,366,121,86,4,58,1.21,33,,1
22,2018/10/23,”≈,38,78,13,40,2,31,0.36,34,,0
23,2018/10/24,¡º,70,225,40,88,3,61,0.77,20,,0
24,2018/10/25,«·∂»Œ€»æ,112,332,80,118,7,72,1.37,16,,1
25,2018/10/26,”≈,45,92,4,46,2,9,0.21,52,,0
26,2018/10/27,”≈,34,48,9,31,3,24,0.28,42,,0
27,2018/10/28,”≈,37,66,4,27,2,9,0.2,65,,0
28,2018/10/29,”≈,24,12,4,18,2,18,0.25,46,,0
29,2018/10/30,”≈,33,44,10,31,2,36,0.42,32,,0
30,2018/10/31,”≈,48,88,21,51,4,46,0.73,21,,0
0,2018/11/1,¡º,70,219,43,71,5,59,0.94,23,,0
1,2018/11/2,÷–∂»Œ€»æ,151,361,113,130,7,92,1.48,17,,1
2,2018/11/3,÷ÿ∂»Œ€»æ,210,365,160,157,7,87,1.68,34,,1
3,2018/11/4,«·∂»Œ€»æ,107,342,81,57,2,48,0.85,17,,1
4,2018/11/5,”≈,29,23,18,26,2,35,0.45,17,,0
5,2018/11/6,”≈,33,87,14,32,2,38,0.48,19,,0
6,2018/11/7,¡º,52,246,26,53,3,48,0.69,10,,0
7,2018/11/8,¡º,91,341,66,98,6,70,1.1,6,,0
8,2018/11/9,¡º,63,243,34,63,3,40,0.66,32,,0
9,2018/11/10,”≈,37,44,12,37,2,36,0.38,24,,0
10,2018/11/11,¡º,70,231,44,78,4,54,0.73,22,,0
11,2018/11/12,«·∂»Œ€»æ,126,330,94,117,5,71,1.15,15,,1
12,2018/11/13,÷ÿ∂»Œ€»æ,222,363,175,110,5,78,1.69,15,,1
13,2018/11/14,—œ÷ÿŒ€»æ,274,367,223,51,4,75,2.24,15,,1
14,2018/11/15,¡º,92,296,65,17,2,32,0.87,30,,0
15,2018/11/16,”≈,33,92,12,27,3,27,0.38,37,,0
16,2018/11/17,¡º,67,311,41,77,6,58,0.79,10,,0
17,2018/11/18,¡º,67,269,31,78,5,40,0.68,30,,0
18,2018/11/19,¡º,77,271,43,93,9,62,1.01,10,,0
19,2018/11/20,¡º,71,239,39,85,7,50,0.83,23,,0
20,2018/11/21,”≈,44,127,19,47,3,30,0.49,33,,0
21,2018/11/22,¡º,56,164,26,61,6,47,0.7,18,,0
22,2018/11/23,¡º,92,286,67,103,12,61,1.38,6,,0
23,2018/11/24,«·∂»Œ€»æ,118,289,87,107,9,59,1.18,21,,1
24,2018/11/25,«·∂»Œ€»æ,117,248,87,113,7,69,1.3,11,,1
25,2018/11/26,—œ÷ÿŒ€»æ,252,321,204,233,10,101,2.25,6,,1
26,2018/11/27,÷–∂»Œ€»æ,192,287,56,282,2,30,0.51,40,,1
27,2018/11/28,«·∂»Œ€»æ,115,226,54,179,14,65,1.25,7,,1
28,2018/11/29,«·∂»Œ€»æ,104,229,56,156,13,63,1.51,8,,1
29,2018/11/30,«·∂»Œ€»æ,120,239,87,177,11,80,1.89,7,,1
0,2018/12/1,÷–∂»Œ€»æ,165,284,126,199,9,81,1.92,12,,1
1,2018/12/2,÷ÿ∂»Œ€»æ,233,319,182,242,7,86,2.58,3,,1
2,2018/12/3,÷–∂»Œ€»æ,193,318,66,266,2,21,0.52,45,,1
3,2018/12/4,¡º,61,197,15,71,2,22,0.36,38,,0
4,2018/12/5,¡º,75,252,36,98,8,56,1.01,5,,0
5,2018/12/6,”≈,37,107,9,38,2,15,0.36,46,,0
6,2018/12/7,”≈,36,132,5,36,2,11,0.32,49,,0
7,2018/12/8,”≈,38,156,8,35,3,19,0.32,47,,0
8,2018/12/9,¡º,62,221,38,69,8,55,0.86,13,,0
9,2018/12/10,¡º,78,244,56,88,11,63,1.1,8,,0
10,2018/12/11,¡º,53,151,22,55,6,31,0.57,32,,0
11,2018/12/12,¡º,54,104,27,59,7,52,0.76,17,,0
12,2018/12/13,”≈,41,52,13,41,4,35,0.48,34,,0
13,2018/12/14,¡º,71,153,45,73,9,62,0.93,12,,0
14,2018/12/15,«·∂»Œ€»æ,118,289,88,115,13,82,1.51,6,,1
15,2018/12/16,«·∂»Œ€»æ,101,220,66,108,7,58,1.27,29,,1
16,2018/12/17,¡º,53,82,26,57,5,44,0.62,36,,0
17,2018/12/18,¡º,52,68,26,56,5,48,0.74,26,,0
18,2018/12/19,¡º,60,89,31,69,7,58,0.94,12,,0
19,2018/12/20,¡º,81,187,53,93,9,71,1.17,5,,0
20,2018/12/21,¡º,89,240,60,109,11,58,1.24,25,,0
21,2018/12/28,”≈,41,124,8,41,4,15,0.36,42,,0
22,2018/12/29,”≈,28,33,9,27,4,24,0.43,38,,0
23,2018/12/30,”≈,31,25,13,30,4,34,0.49,27,,0
24,2018/12/31,¡º,56,159,36,60,8,53,0.91,10,,0
0,2019/1/1,¡º,53,128,35,52,8,42,0.82,22,,0
1,2019/1/2,¡º,65,147,45,61,10,50,0.94,19,,0
2,2019/1/3,÷–∂»Œ€»æ,163,292,123,137,20,79,1.85,6,,1
3,2019/1/4,”≈,49,106,22,44,5,27,0.54,46,,0
4,2019/1/5,”≈,31,42,13,30,7,33,0.51,35,,0
5,2019/1/6,¡º,85,196,60,91,11,67,1.2,8,,0
6,2019/1/7,¡º,57,114,34,56,8,42,0.8,30,,0
7,2019/1/8,”≈,31,50,9,27,3,24,0.39,45,,0
8,2019/1/9,¡º,59,176,37,63,10,55,0.83,15,,0
9,2019/1/10,«·∂»Œ€»æ,104,267,77,112,13,76,1.47,7,,1
10,2019/1/11,«·∂»Œ€»æ,136,266,103,129,15,78,1.71,9,,1
11,2019/1/12,÷ÿ∂»Œ€»æ,241,333,199,215,13,97,2.47,7,,1
12,2019/1/13,÷–∂»Œ€»æ,159,272,130,139,5,60,1.56,28,,1
13,2019/1/14,÷–∂»Œ€»æ,154,255,106,142,7,71,1.57,19,,1
14,2019/1/15,¡º,54,124,7,60,3,15,0.36,49,,0
15,2019/1/16,¡º,60,160,35,68,9,54,0.81,17,,0
16,2019/1/17,¡º,66,135,42,74,12,58,1.01,15,,0
17,2019/1/18,¡º,86,190,63,105,14,72,1.39,10,,0
18,2019/1/19,”≈,34,22,11,33,5,23,0.4,45,,0
19,2019/1/20,”≈,34,23,9,31,2,19,0.34,54,,0
20,2019/1/21,¡º,53,97,22,59,6,41,0.57,35,,0
21,2019/1/22,¡º,60,78,26,69,6,48,0.76,28,,0
22,2019/1/23,”≈,47,47,22,51,5,44,0.66,31,,0
23,2019/1/24,¡º,80,139,58,75,10,50,1.15,22,,0
24,2019/1/25,”≈,35,18,11,34,3,20,0.41,48,,0
25,2019/1/26,”≈,35,11,21,35,4,31,0.55,37,,0
26,2019/1/27,¡º,90,224,50,102,9,44,0.88,29,,0
27,2019/1/28,¡º,52,70,29,54,5,29,0.55,46,,0
28,2019/1/29,«·∂»Œ€»æ,135,290,102,134,15,71,1.42,13,,1
29,2019/1/30,¡º,74,162,31,79,5,24,0.6,48,,0
30,2019/1/31,”≈,33,15,11,22,4,16,0.43,49,,0
0,2019/2/1,¡º,67,152,40,81,6,45,0.89,27,,0
1,2019/2/2,«·∂»Œ€»æ,138,333,103,134,7,53,1.39,17,,1
2,2019/2/3,«·∂»Œ€»æ,115,271,43,159,2,14,0.45,57,,1
3,2019/2/4,¡º,77,172,41,99,5,24,0.8,43,,0
4,2019/2/5,÷–∂»Œ€»æ,153,253,97,221,9,25,0.88,35,,1
5,2019/2/6,¡º,83,196,55,110,13,22,1.12,39,,0
6,2019/2/7,”≈,35,50,7,28,2,8,0.32,61,,0
7,2019/2/8,”≈,43,181,24,44,5,18,0.45,52,,0
8,2019/2/9,”≈,31,56,8,19,3,11,0.33,56,,0
9,2019/2/10,”≈,39,116,24,34,5,21,0.5,41,,0
10,2019/2/11,¡º,55,163,36,51,7,28,0.72,39,,0
11,2019/2/12,”≈,49,132,28,51,6,23,0.75,39,,0
12,2019/2/13,”≈,39,77,21,31,2,21,0.54,44,,0
13,2019/2/14,¡º,70,237,50,45,4,30,0.9,31,,0
14,2019/2/15,”≈,35,83,10,18,2,9,0.32,61,,0
15,2019/2/16,”≈,32,56,7,18,2,11,0.33,63,,0
16,2019/2/17,”≈,33,60,12,21,3,21,0.41,55,,0
17,2019/2/18,”≈,42,139,28,38,6,44,0.69,32,,0
18,2019/2/19,«·∂»Œ€»æ,115,273,86,44,4,36,0.96,42,,1
19,2019/2/20,¡º,58,118,38,38,4,28,0.58,59,,0
20,2019/2/21,«·∂»Œ€»æ,120,257,90,64,5,49,1.1,45,,1
21,2019/2/22,«·∂»Œ€»æ,131,283,100,55,5,57,1.28,32,,1
22,2019/2/23,÷–∂»Œ€»æ,168,310,128,36,8,63,1.55,47,,1
23,2019/2/24,«·∂»Œ€»æ,110,243,80,14,4,46,0.96,48,,1
24,2019/2/25,¡º,70,178,49,63,8,46,0.94,39,,0
25,2019/2/26,¡º,71,177,50,77,9,56,0.91,27,,0
26,2019/2/27,«·∂»Œ€»æ,118,284,89,99,7,57,1.06,43,,1
27,2019/2/28,«·∂»Œ€»æ,106,270,75,104,6,51,0.9,50,,1
0,2019/3/1,«·∂»Œ€»æ,150,313,114,131,8,58,1.12,57,,1
1,2019/3/2,÷ÿ∂»Œ€»æ,235,358,185,122,8,66,1.41,71,,1
2,2019/3/3,÷ÿ∂»Œ€»æ,212,353,161,132,9,60,1.35,67,,1
3,2019/3/4,«·∂»Œ€»æ,141,309,106,69,5,51,1.04,59,,1
4,2019/3/5,«·∂»Œ€»æ,126,287,85,81,4,42,0.91,54,,1
5,2019/3/6,”≈,37,73,7,19,1,14,0.29,71,,0
6,2019/3/7,”≈,37,69,17,36,3,34,0.45,52,,0
7,2019/3/8,¡º,81,287,56,100,8,55,0.74,44,,0
8,2019/3/9,«·∂»Œ€»æ,111,346,83,121,8,60,0.82,39,,1
9,2019/3/10,«·∂»Œ€»æ,144,354,109,66,4,52,0.97,41,,1
10,2019/3/11,¡º,51,85,24,24,2,24,0.46,53,,0
11,2019/3/12,”≈,36,8,4,25,1,9,0.25,69,,0
12,2019/3/13,”≈,34,5,7,29,1,20,0.3,58,,0
13,2019/3/14,”≈,39,23,6,38,2,21,0.3,58,,0
14,2019/3/15,”≈,50,108,9,48,1,14,0.25,70,,0
15,2019/3/16,¡º,56,122,22,63,3,36,0.49,42,,0
16,2019/3/17,¡º,75,239,46,94,6,48,0.67,53,,0
17,2019/3/18,«·∂»Œ€»æ,130,354,98,140,9,69,0.84,57,,1
18,2019/3/19,÷–∂»Œ€»æ,168,356,126,170,8,74,0.98,70,,1
19,2019/3/20,¡º,93,303,65,100,5,38,0.66,62,,0
20,2019/3/21,”≈,38,31,5,25,1,8,0.26,70,,0
21,2019/3/22,”≈,35,40,7,30,1,17,0.25,59,,0
22,2019/3/23,”≈,41,119,10,31,2,11,0.26,72,,0
23,2019/3/24,¡º,68,222,34,83,5,40,0.43,45,,0
24,2019/3/25,¡º,54,131,22,61,2,37,0.45,54,,0
25,2019/3/26,¡º,84,275,43,115,9,42,0.76,55,,0
26,2019/3/27,«·∂»Œ€»æ,103,321,66,133,6,51,0.96,47,,1
27,2019/3/28,¡º,59,175,24,67,6,27,0.55,53,,0
28,2019/3/29,¡º,73,240,22,92,3,30,0.41,47,,0
29,2019/3/30,”≈,36,9,4,24,1,7,0.24,70,,0
30,2019/3/31,”≈,33,8,8,29,1,23,0.32,54,,0
0,2019/4/1,”≈,39,40,11,37,1,27,0.34,58,,0
1,2019/4/2,¡º,57,186,27,65,5,37,0.57,51,,0
2,2019/4/3,¡º,80,289,56,86,7,47,0.69,72,,0
3,2019/4/4,«·∂»Œ€»æ,106,305,70,124,6,52,0.65,74,,1
4,2019/4/5,÷ÿ∂»Œ€»æ,210,354,38,282,3,22,0.32,66,,1
5,2019/4/6,«·∂»Œ€»æ,137,343,39,222,5,33,0.53,57,,1
6,2019/4/7,¡º,76,233,39,101,7,38,0.59,64,,0
7,2019/4/8,¡º,62,167,31,74,11,34,0.88,55,,0
8,2019/4/9,”≈,38,34,22,30,2,20,0.48,57,,0
9,2019/4/10,”≈,44,110,24,29,2,25,0.38,62,,0
10,2019/4/11,¡º,64,272,45,63,1,36,0.43,63,,0
11,2019/4/12,¡º,82,279,59,81,3,38,0.52,66,,0
12,2019/4/13,«·∂»Œ€»æ,118,336,82,95,3,36,0.57,63,,1
13,2019/4/14,¡º,56,177,16,62,1,22,0.28,77,,0
14,2019/4/15,¡º,76,303,43,95,5,40,0.45,65,,0
15,2019/4/16,¡º,98,337,68,107,6,34,0.54,100,,0
16,2019/4/17,«·∂»Œ€»æ,141,348,106,134,8,51,0.97,103,,1
17,2019/4/18,«·∂»Œ€»æ,124,338,40,162,2,19,0.4,84,,1
18,2019/4/19,¡º,62,177,20,72,2,25,0.4,68,,0
19,2019/4/20,¡º,56,151,36,49,1,39,0.5,30,,0
20,2019/4/21,«·∂»Œ€»æ,112,340,59,163,4,40,0.8,55,,1
21,2019/4/22,«·∂»Œ€»æ,127,349,92,136,3,41,0.88,100,,1
22,2019/4/23,«·∂»Œ€»æ,127,356,95,100,1,28,0.72,68,,1
23,2019/4/24,¡º,66,201,45,35,1,26,0.6,39,,0
24,2019/4/25,”≈,38,43,8,18,2,14,0.23,77,,0
25,2019/4/26,”≈,44,78,18,28,2,16,0.28,84,,0
26,2019/4/27,¡º,56,209,37,39,2,25,0.41,57,,0
27,2019/4/28,¡º,64,276,46,24,2,22,0.47,61,,0
28,2019/4/29,«·∂»Œ€»æ,135,359,101,48,2,34,0.84,68,,1
29,2019/4/30,¡º,94,307,38,100,1,23,0.41,67,,0
0,2019/5/1,”≈,42,64,12,36,2,25,0.26,71,,0
1,2019/5/2,¡º,59,129,22,57,2,35,0.34,82,,0
2,2019/5/3,¡º,82,287,50,91,6,42,0.57,97,,0
3,2019/5/4,¡º,90,321,49,86,6,27,0.5,122,,0
4,2019/5/5,¡º,56,156,21,54,1,14,0.24,81,,0
5,2019/5/6,”≈,43,115,17,37,2,23,0.28,73,,0
6,2019/5/7,¡º,52,163,22,50,2,30,0.3,76,,0
7,2019/5/8,¡º,68,276,43,82,4,43,0.47,70,,0
8,2019/5/9,¡º,66,215,37,67,2,36,0.46,83,,0
9,2019/5/10,¡º,94,306,51,99,5,46,0.64,97,,0
10,2019/5/11,«·∂»Œ€»æ,117,346,70,99,5,38,0.84,123,,1
11,2019/5/12,÷–∂»Œ€»æ,166,319,87,178,4,26,0.82,80,,1
12,2019/5/13,¡º,58,130,18,66,2,19,0.27,72,,0
13,2019/5/14,¡º,85,248,52,116,6,44,0.6,92,,0
14,2019/5/15,«·∂»Œ€»æ,133,340,94,208,8,48,1.09,117,,1
15,2019/5/16,«·∂»Œ€»æ,111,320,68,138,3,36,0.74,121,,1
16,2019/5/17,«·∂»Œ€»æ,124,356,83,122,2,33,0.87,105,,1
17,2019/5/18,¡º,56,216,36,48,2,25,0.61,58,,0
18,2019/5/19,¡º,64,228,30,67,2,14,0.34,66,,0
19,2019/5/20,”≈,48,111,12,46,1,15,0.25,73,,0
20,2019/5/21,”≈,44,56,12,37,1,32,0.33,68,,0
21,2019/5/22,¡º,58,113,19,55,1,48,0.51,74,,0
22,2019/5/23,«·∂»Œ€»æ,105,313,26,68,3,43,0.58,152,,1
23,2019/5/24,¡º,99,307,44,107,5,51,0.72,123,,0
24,2019/5/25,«·∂»Œ€»æ,115,332,47,111,5,40,0.67,144,,1
25,2019/5/26,¡º,65,269,36,62,3,24,0.83,75,,0
26,2019/5/27,”≈,44,129,5,13,2,10,0.19,83,,0
27,2019/5/28,”≈,46,150,11,33,2,29,0.29,80,,0
28,2019/5/29,¡º,74,300,20,49,2,32,0.38,120,,0
29,2019/5/30,¡º,60,258,19,53,3,22,0.36,94,,0
30,2019/5/31,”≈,37,67,9,29,2,21,0.25,69,,0
0,2019/6/1,¡º,72,260,28,72,4,38,0.47,96,,0
1,2019/6/2,¡º,94,311,45,81,3,35,0.66,128,,0
2,2019/6/3,¡º,75,265,26,52,2,24,0.51,127,,0
3,2019/6/4,¡º,87,289,59,72,7,24,1.23,119,,0
4,2019/6/5,¡º,73,282,45,61,2,30,0.89,89,,0
5,2019/6/6,¡º,74,338,51,49,1,38,0.86,69,,0
6,2019/6/7,¡º,88,338,58,41,1,19,0.69,119,,0
7,2019/6/8,¡º,70,276,34,50,1,20,0.45,94,,0
8,2019/6/9,”≈,40,122,5,18,2,15,0.27,78,,0
9,2019/6/10,¡º,68,259,26,53,2,26,0.52,98,,0
10,2019/6/11,¡º,79,334,49,64,2,25,0.96,92,,0
11,2019/6/14,”≈,47,225,14,42,2,26,0.39,130,,0
12,2019/6/15,¡º,59,263,21,52,5,26,0.7,108,,0
13,2019/6/17,¡º,73,329,49,49,2,30,0.87,75,,0
14,2019/6/18,«·∂»Œ€»æ,104,360,61,64,2,29,0.81,147,,1
15,2019/6/19,«·∂»Œ€»æ,105,364,73,90,6,20,1.21,166,,1
16,2019/6/20,«·∂»Œ€»æ,102,363,61,79,3,30,0.82,133,,1
17,2019/6/25,«·∂»Œ€»æ,118,360,46,99,6,29,0.8,169,,1
18,2019/6/26,«·∂»Œ€»æ,107,348,42,83,5,24,0.83,156,,1
19,2019/6/27,«·∂»Œ€»æ,105,348,47,76,4,26,0.81,142,,1
20,2019/6/28,¡º,72,317,25,41,2,16,0.6,129,,0
21,2019/6/29,¡º,52,239,14,31,1,15,0.37,95,,0
22,2019/6/30,”≈,36,84,4,17,2,11,0.29,73,,0
0,2019/7/1,”≈,41,116,8,27,1,23,0.29,76,,0
1,2019/7/2,¡º,76,286,22,63,2,31,0.59,109,,0
2,2019/7/3,¡º,69,260,21,37,2,25,0.51,120,,0
3,2019/7/4,«·∂»Œ€»æ,107,339,29,71,3,38,0.55,145,,1
4,2019/7/5,¡º,62,228,27,50,1,31,0.57,93,,0
5,2019/7/6,”≈,24,26,7,14,2,14,0.31,46,,0
6,2019/7/7,”≈,35,90,11,21,2,15,0.4,75,,0
7,2019/7/12,¡º,62,316,24,45,2,26,0.53,129,,0
8,2019/7/13,¡º,89,354,57,78,3,27,0.89,153,,0
9,2019/7/14,”≈,46,218,15,28,2,17,0.48,122,,0
10,2019/7/15,¡º,91,360,53,69,2,26,0.83,146,,0
11,2019/7/16,¡º,61,297,37,51,3,27,0.8,102,,0
12,2019/7/17,¡º,60,319,43,36,2,25,0.68,50,,0
13,2019/7/18,¡º,90,359,65,63,2,25,0.93,107,,0
14,2019/7/19,¡º,79,345,57,62,2,30,0.87,71,,0
15,2019/7/20,¡º,78,356,57,58,2,31,0.75,51,,0
16,2019/7/21,«·∂»Œ€»æ,101,362,65,68,2,26,0.8,114,,1
17,2019/7/22,«·∂»Œ€»æ,105,364,78,99,2,45,1.1,73,,1
18,2019/7/23,¡º,51,294,25,26,2,16,0.62,116,,0
19,2019/7/24,¡º,60,314,33,56,2,28,0.71,108,,0
20,2019/7/25,¡º,53,293,23,52,2,35,0.57,81,,0
21,2019/7/26,¡º,72,332,36,65,2,23,0.68,148,,0
0,2019/8/6,¡º,68,348,44,40,2,23,0.72,79,,0
1,2019/8/7,¡º,55,253,17,24,2,19,0.55,101,,0
2,2019/8/8,¡º,73,346,30,43,2,26,0.67,104,,0
3,2019/8/9,¡º,71,348,41,51,1,21,0.7,87,,0
4,2019/8/10,”≈,39,177,21,25,2,24,0.61,69,,0
5,2019/8/11,”≈,25,71,14,23,1,21,0.55,29,,0
6,2019/8/21,”≈,48,202,30,29,4,26,0.58,55,,0
7,2019/8/22,”≈,34,90,13,31,2,33,0.55,42,,0
8,2019/8/23,”≈,33,101,10,31,2,34,0.55,39,,0
9,2019/8/24,”≈,49,180,14,42,2,32,0.48,77,,0
10,2019/8/25,¡º,52,225,23,51,2,29,0.62,90,,0
11,2019/8/26,¡º,99,363,74,88,2,38,0.86,77,,0
12,2019/8/27,¡º,52,296,31,32,2,31,0.53,54,,0
13,2019/8/28,”≈,26,61,4,25,2,22,0.3,45,,0
0,2019/9/1,¡º,54,297,19,51,2,31,0.43,96,,0
1,2019/9/2,¡º,66,341,24,58,2,34,0.51,113,,0
2,2019/9/3,¡º,86,360,47,83,2,39,0.67,142,,0
3,2019/9/4,¡º,87,362,53,80,3,39,0.76,120,,0
4,2019/9/5,¡º,81,355,44,71,2,33,0.65,129,,0
5,2019/9/6,¡º,87,347,47,82,2,39,0.7,142,,0
6,2019/9/7,¡º,87,340,45,74,2,36,0.68,140,,0
7,2019/9/8,¡º,70,240,33,71,2,35,0.62,121,,0
8,2019/9/9,¡º,93,354,66,95,6,31,1.36,132,,0
9,2019/9/10,”≈,19,33,9,11,2,19,0.47,54,,0
10,2019/9/11,”≈,27,99,15,26,4,32,0.75,26,,0
11,2019/9/12,”≈,30,104,18,29,2,24,0.54,52,,0
12,2019/9/13,”≈,39,192,22,23,2,21,0.51,46,,0
13,2019/9/14,”≈,28,104,11,25,2,27,0.38,53,,0
14,2019/9/15,”≈,49,278,26,52,2,37,0.54,64,,0
15,2019/9/16,”≈,43,201,17,43,3,28,0.53,66,,0
16,2019/9/17,¡º,54,262,29,60,2,31,0.65,72,,0
17,2019/9/18,”≈,27,69,5,23,2,19,0.27,59,,0
18,2019/9/19,¡º,54,268,22,59,2,42,0.55,45,,0
19,2019/9/20,¡º,60,285,36,69,2,40,0.68,64,,0
20,2019/9/21,¡º,85,352,57,78,5,37,1.09,102,,0
21,2019/9/22,«·∂»Œ€»æ,108,365,78,73,4,29,1.27,117,,1
22,2019/9/23,¡º,52,179,30,40,2,35,0.65,72,,0
23,2019/9/24,”≈,37,54,11,34,2,29,0.4,67,,0
24,2019/9/25,¡º,55,148,22,52,2,36,0.62,89,,0
25,2019/9/26,¡º,64,223,33,56,2,35,0.67,113,,0
26,2019/9/27,¡º,77,308,52,56,2,28,0.86,100,,0
27,2019/9/28,¡º,83,292,56,66,2,31,0.82,110,,0
28,2019/9/29,¡º,86,298,57,72,2,31,0.82,117,,0
29,2019/9/30,¡º,97,350,71,96,3,33,0.93,96,,0
0,2019/10/1,¡º,73,282,51,80,3,23,0.76,94,,0
1,2019/10/2,¡º,71,286,50,56,2,23,0.87,110,,0
2,2019/10/3,¡º,85,330,56,75,2,23,0.78,128,,0
3,2019/10/4,”≈,24,53,13,16,2,11,0.39,42,,0
4,2019/10/5,”≈,16,11,6,6,2,17,0.28,43,,0
5,2019/10/6,”≈,33,144,21,29,1,36,0.39,22,,0
6,2019/10/7,¡º,55,278,39,27,2,35,0.56,31,,0
7,2019/10/8,”≈,23,38,6,21,2,21,0.27,43,,0
8,2019/10/9,¡º,52,211,32,56,3,44,0.57,35,,0
9,2019/10/10,¡º,65,297,46,44,2,30,0.54,33,,0
10,2019/10/11,¡º,69,290,43,56,4,44,0.74,15,,0
11,2019/10/12,¡º,60,257,27,70,14,56,1.33,7,,0
12,2019/10/13,”≈,48,186,23,53,4,45,0.98,8,,0
13,2019/10/14,”≈,22,25,8,19,2,25,0.29,30,,0
14,2019/10/15,”≈,31,84,15,31,2,38,0.42,21,,0
15,2019/10/16,”≈,43,177,26,43,2,45,0.5,15,,0
16,2019/10/17,¡º,74,298,53,53,2,51,0.8,2,,0
17,2019/10/18,¡º,79,291,58,44,1,42,0.8,23,,0
18,2019/10/19,÷–∂»Œ€»æ,160,358,121,84,2,57,1.21,16,,1
19,2019/10/20,«·∂»Œ€»æ,140,347,84,123,2,42,0.78,25,,1
20,2019/10/21,”≈,47,94,16,52,2,43,0.52,21,,0
21,2019/10/22,¡º,73,228,42,96,2,59,0.86,20,,0
22,2019/10/23,«·∂»Œ€»æ,103,314,77,120,3,67,1.07,39,,1
23,2019/10/24,¡º,95,308,70,82,2,55,0.98,20,,0
24,2019/10/25,”≈,21,48,7,18,2,22,0.3,38,,0
25,2019/10/26,”≈,45,172,28,51,3,46,0.57,16,,0
26,2019/10/27,¡º,71,267,52,78,3,57,0.78,15,,0
27,2019/10/28,«·∂»Œ€»æ,131,303,28,172,2,21,0.33,44,,1
28,2019/10/29,¡º,63,195,30,81,3,52,0.6,19,,0
29,2019/10/30,¡º,82,199,53,114,3,73,0.83,11,,0
30,2019/10/31,¡º,66,133,37,85,3,59,0.95,25,,0
31,2019/10/31,¡º,66,133,37,85,3,59,0.95,25,,0
0,2019/11/1,¡º,60,149,26,69,5,52,0.81,18,,0
1,2019/11/2,¡º,51,117,27,50,2,51,0.68,6,,0
2,2019/11/3,¡º,53,146,32,46,3,33,0.59,18,,0
3,2019/11/4,¡º,70,244,49,59,2,46,0.85,13,,0
4,2019/11/5,¡º,67,198,44,59,3,43,0.79,20,,0
5,2019/11/6,¡º,68,204,44,70,2,58,0.7,10,,0
6,2019/11/7,”≈,47,120,25,50,2,38,0.52,25,,0
7,2019/11/8,¡º,61,187,37,72,3,56,0.8,10,,0
8,2019/11/9,«·∂»Œ€»æ,111,287,80,93,2,65,1,8,,1
9,2019/11/10,¡º,80,230,36,86,2,25,0.43,44,,0
10,2019/11/11,”≈,48,83,16,51,2,41,0.48,25,,0
11,2019/11/12,¡º,76,231,51,93,5,74,0.92,7,,0
12,2019/11/13,”≈,50,146,9,59,2,13,0.23,51,,0
13,2019/11/14,¡º,52,154,25,58,5,50,0.63,12,,0
14,2019/11/15,¡º,64,176,35,78,6,52,0.92,9,,0
15,2019/11/16,¡º,67,166,47,80,8,52,1.29,6,,0
16,2019/11/17,«·∂»Œ€»æ,137,324,55,185,5,37,0.93,22,,1
17,2019/11/18,¡º,76,235,19,103,2,17,0.3,40,,0
18,2019/11/19,¡º,53,140,19,61,2,31,0.37,32,,0
19,2019/11/20,¡º,87,286,59,121,7,68,0.93,7,,0
20,2019/11/21,«·∂»Œ€»æ,118,339,89,157,8,77,1.59,3,,1
21,2019/11/22,÷–∂»Œ€»æ,179,354,136,179,9,93,2.41,3,,1
22,2019/11/23,÷–∂»Œ€»æ,183,341,138,143,6,72,1.65,16,,1
23,2019/11/24,”≈,31,62,7,31,2,11,0.23,51,,0
24,2019/11/25,”≈,28,82,12,28,3,31,0.37,20,,0
25,2019/11/26,¡º,62,252,38,74,5,58,0.78,6,,0
26,2019/11/27,”≈,25,39,7,21,2,24,0.29,39,,0
27,2019/11/28,¡º,58,246,34,63,9,56,0.91,9,,0
28,2019/11/29,¡º,79,290,57,77,7,64,1.04,3,,0
29,2019/11/30,¡º,82,292,58,26,2,38,0.74,27,,0
0,2019/12/1,”≈,29,40,11,29,4,17,0.34,52,,0
1,2019/12/2,”≈,26,20,9,24,2,22,0.33,41,,0
2,2019/12/3,”≈,43,71,15,44,3,38,0.46,33,,0
3,2019/12/4,”≈,33,42,12,31,3,35,0.44,38,,0
4,2019/12/5,”≈,37,64,21,38,4,37,0.69,27,,0
5,2019/12/6,¡º,69,227,48,65,4,57,0.87,9,,0
6,2019/12/7,¡º,71,182,51,68,4,61,0.89,11,,0
7,2019/12/8,÷–∂»Œ€»æ,181,321,139,139,2,75,1.68,2,,1
8,2019/12/9,÷ÿ∂»Œ€»æ,231,347,181,180,2,87,2.03,3,,1
9,2019/12/10,«·∂»Œ€»æ,136,284,103,115,3,52,1.48,24,,1
10,2019/12/11,”≈,20,8,6,15,2,22,0.31,39,,0
11,2019/12/12,”≈,35,29,18,35,3,45,0.57,20,,0
12,2019/12/13,”≈,44,37,22,48,4,40,0.68,26,,0
13,2019/12/14,”≈,28,14,13,26,3,43,0.45,22,,0
14,2019/12/15,¡º,68,174,48,74,9,68,1.23,4,,0
15,2019/12/16,¡º,92,277,68,51,2,66,1.3,1,,0
16,2019/12/17,”≈,22,7,11,18,2,15,0.33,46,,0
17,2019/12/18,”≈,28,33,18,26,2,36,0.48,25,,0
18,2019/12/19,”≈,26,39,12,24,2,25,0.41,36,,0
19,2019/12/20,”≈,33,60,18,32,3,46,0.57,16,,0
20,2019/12/21,¡º,63,191,44,58,5,61,0.88,8,,0
21,2019/12/22,¡º,84,232,62,77,6,68,1.14,7,,0
22,2019/12/23,¡º,66,173,47,57,5,41,1,28,,0
23,2019/12/24,«·∂»Œ€»æ,109,275,82,76,4,55,1.33,8,,1
24,2019/12/25,¡º,82,238,61,59,3,39,0.98,25,,0
25,2019/12/26,”≈,43,101,15,45,2,31,0.43,32,,0
26,2019/12/27,¡º,68,185,37,85,3,59,0.9,8,,0
27,2019/12/28,«·∂»Œ€»æ,102,278,75,117,9,71,1.59,6,,1
28,2019/12/29,«·∂»Œ€»æ,128,305,93,114,5,58,1.52,22,,1
29,2019/12/30,”≈,35,34,7,35,2,9,0.32,49,,0
30,2019/12/31,”≈,33,39,20,34,5,37,0.53,21,,0
0,2020/1/1,¡º,52,97,33,54,6,48,0.79,9,,0
1,2020/1/2,¡º,69,132,49,78,7,62,1.19,8,,0
2,2020/1/3,¡º,69,128,49,71,7,63,1.19,13,,0
3,2020/1/4,¡º,60,100,42,66,7,58,1.07,19,,0
4,2020/1/5,¡º,86,186,63,79,7,65,1.39,5,,0
5,2020/1/6,¡º,78,238,57,32,2,48,0.99,15,,0
6,2020/1/7,”≈,21,9,12,18,3,21,0.39,54,,0
7,2020/1/8,”≈,27,17,15,23,3,29,0.43,45,,0
8,2020/1/9,”≈,47,98,33,37,5,49,0.73,22,,0
9,2020/1/10,”≈,41,99,28,35,5,36,0.64,38,,0
10,2020/1/11,”≈,20,20,10,19,3,23,0.36,45,,0
11,2020/1/12,”≈,28,41,18,26,6,34,0.48,31,,0
12,2020/1/13,”≈,21,7,10,20,4,17,0.37,52,,0
13,2020/1/14,”≈,25,16,16,24,3,30,0.41,40,,0
14,2020/1/15,¡º,64,141,46,55,6,56,0.88,12,,0
15,2020/1/16,¡º,59,171,43,49,6,48,0.93,28,,0
16,2020/1/17,¡º,91,216,67,75,11,65,1.43,12,,0
17,2020/1/18,÷ÿ∂»Œ€»æ,207,328,162,158,4,65,2.1,11,,1
18,2020/1/19,¡º,59,124,29,69,2,24,0.53,54,,0
19,2020/1/20,”≈,27,21,8,26,2,16,0.32,51,,0
20,2020/1/21,¡º,59,123,42,55,6,42,0.84,23,,0
21,2020/1/22,¡º,81,199,60,64,7,47,1,21,,0
22,2020/1/23,¡º,74,190,54,61,5,37,0.94,39,,0
23,2020/1/24,«·∂»Œ€»æ,101,278,75,76,6,21,0.73,54,,1
24,2020/1/25,÷–∂»Œ€»æ,186,316,142,158,9,32,0.96,43,,1
25,2020/1/26,÷–∂»Œ€»æ,193,334,150,146,10,38,1.62,48,,1
26,2020/1/27,÷ÿ∂»Œ€»æ,209,354,160,138,10,37,1.83,55,,1
27,2020/1/28,÷ÿ∂»Œ€»æ,218,349,169,145,13,39,2.06,66,,1
28,2020/1/29,«·∂»Œ€»æ,101,285,76,55,7,27,1.13,57,,1
29,2020/1/30,¡º,64,189,46,47,5,27,0.8,52,,0
30,2020/1/31,¡º,64,156,44,47,4,27,0.79,51,,0
0,2020/2/1,”≈,22,9,8,13,2,9,0.25,65,,0
1,2020/2/2,”≈,49,144,32,34,2,11,0.43,54,,0
2,2020/2/3,”≈,31,60,16,26,2,13,0.34,56,,0
3,2020/2/4,”≈,24,39,11,18,2,12,0.29,54,,0
4,2020/2/5,”≈,36,135,25,32,3,18,0.61,40,,0
5,2020/2/6,¡º,58,261,41,36,3,23,0.98,33,,0
6,2020/2/7,¡º,95,314,71,51,3,34,1.1,29,,0
7,2020/2/8,¡º,80,262,59,48,3,30,0.85,43,,0
8,2020/2/9,÷–∂»Œ€»æ,157,342,119,107,4,42,1.35,34,,1
9,2020/2/10,÷–∂»Œ€»æ,164,347,124,103,3,50,1.42,39,,1
10,2020/2/11,÷ÿ∂»Œ€»æ,229,365,180,141,8,55,2.33,51,,1
11,2020/2/12,—œ÷ÿŒ€»æ,255,366,205,144,4,48,2.32,64,,1
12,2020/2/13,÷ÿ∂»Œ€»æ,250,365,200,143,3,47,2.18,33,,1
13,2020/2/14,¡º,77,281,56,36,2,18,0.91,43,,0
14,2020/2/15,”≈,20,61,6,10,2,4,0.21,64,,0
15,2020/2/16,”≈,21,58,3,8,2,4,0.2,67,,0
16,2020/2/17,”≈,21,25,6,13,1,11,0.24,61,,0
17,2020/2/18,”≈,25,18,16,22,2,32,0.48,35,,0
18,2020/2/19,¡º,74,285,54,49,9,38,1.15,39,,0
19,2020/2/20,«·∂»Œ€»æ,143,338,109,75,6,29,1.43,49,,1
20,2020/2/21,«·∂»Œ€»æ,130,337,85,99,2,22,0.91,42,,1
21,2020/2/22,”≈,23,10,7,16,2,10,0.23,70,,0
22,2020/2/23,¡º,54,111,38,48,4,35,0.6,38,,0
23,2020/2/24,¡º,85,257,61,86,8,39,0.98,35,,0
24,2020/2/25,¡º,71,212,50,76,9,26,0.89,51,,0
25,2020/2/26,¡º,52,156,36,46,5,22,0.55,54,,0
26,2020/2/27,”≈,40,118,28,32,3,24,0.46,40,,0
27,2020/2/28,¡º,69,333,51,49,2,21,0.54,39,,0
28,2020/2/29,«·∂»Œ€»æ,118,352,88,60,2,31,1.24,17,,1
0,2020/3/1,”≈,39,130,23,21,2,19,0.88,43,,0
1,2020/3/2,”≈,34,87,22,26,3,27,0.5,44,,0
2,2020/3/3,”≈,33,106,16,21,2,9,0.32,66,,0
3,2020/3/4,”≈,23,42,9,15,2,9,0.25,65,,0
4,2020/3/5,¡º,51,205,36,46,4,26,0.48,49,,0
5,2020/3/6,«·∂»Œ€»æ,109,349,81,79,4,42,0.83,40,,1
6,2020/3/7,¡º,85,281,62,44,2,20,0.66,63,,0
7,2020/3/8,«·∂»Œ€»æ,130,331,99,61,2,28,1,36,,1
8,2020/3/9,¡º,72,282,53,33,2,23,0.76,39,,0
9,2020/3/10,”≈,33,85,10,30,2,15,0.28,56,,0
10,2020/3/11,”≈,43,84,27,48,3,42,0.52,31,,0
11,2020/3/12,”≈,43,82,21,42,2,25,0.42,52,,0
12,2020/3/13,”≈,29,43,9,21,2,12,0.3,67,,0
13,2020/3/14,”≈,37,77,8,37,2,13,0.29,64,,0
14,2020/3/15,”≈,34,35,6,31,2,11,0.24,71,,0
15,2020/3/16,¡º,60,198,24,70,2,21,0.38,57,,0
16,2020/3/17,¡º,54,131,30,60,2,34,0.47,54,,0
17,2020/3/18,¡º,97,320,39,123,4,36,0.47,48,,0
18,2020/3/19,”≈,44,110,7,45,2,8,0.23,79,,0
19,2020/3/20,¡º,60,153,30,71,3,37,0.41,47,,0
20,2020/3/21,¡º,70,229,26,92,8,22,0.53,70,,0
21,2020/3/22,¡º,62,226,28,74,3,25,0.39,71,,0
22,2020/3/23,¡º,52,162,28,57,3,32,0.43,59,,0
23,2020/3/24,¡º,67,249,47,64,11,37,0.88,65,,0
24,2020/3/25,÷–∂»Œ€»æ,156,354,118,112,10,53,1.04,77,,1
25,2020/3/26,”≈,31,51,10,24,2,9,0.25,72,,0
26,2020/3/27,”≈,26,100,4,21,2,8,0.23,68,,0
27,2020/3/28,”≈,27,122,8,24,2,16,0.23,56,,0
28,2020/3/29,¡º,66,317,43,69,6,36,0.51,53,,0
29,2020/3/30,¡º,92,343,68,87,6,37,0.68,62,,0
30,2020/3/31,¡º,88,319,65,77,3,29,0.5,69,,0
0,2020/4/1,”≈,29,60,8,19,2,10,0.19,73,,0
1,2020/4/2,”≈,35,75,15,31,2,20,0.3,56,,0
2,2020/4/3,”≈,38,91,14,36,2,23,0.3,58,,0
3,2020/4/4,«·∂»Œ€»æ,101,325,22,151,2,12,0.32,79,,1
4,2020/4/5,¡º,69,263,29,88,4,28,0.43,61,,0
5,2020/4/6,¡º,88,324,60,120,6,47,0.58,68,,0
6,2020/4/7,¡º,83,327,48,105,5,36,0.58,60,,0
7,2020/4/8,¡º,54,134,21,60,4,30,0.48,52,,0
8,2020/4/9,¡º,52,137,33,48,3,18,0.45,74,,0
9,2020/4/10,¡º,56,177,38,49,2,24,0.45,75,,0
10,2020/4/11,”≈,42,132,21,38,2,19,0.31,75,,0
11,2020/4/12,”≈,46,133,16,50,2,12,0.24,86,,0
12,2020/4/13,¡º,58,175,25,67,2,32,0.42,64,,0
13,2020/4/14,¡º,90,295,65,101,7,46,0.6,87,,0
14,2020/4/15,¡º,85,288,62,95,6,31,0.52,101,,0
15,2020/4/16,¡º,59,107,24,61,2,11,0.34,81,,0
16,2020/4/17,”≈,43,56,22,40,2,13,0.43,104,,0
17,2020/4/18,”≈,47,94,32,43,2,22,0.39,98,,0
18,2020/4/19,¡º,59,227,40,55,2,22,0.41,100,,0
19,2020/4/20,”≈,32,59,6,30,2,5,0.18,78,,0
20,2020/4/21,”≈,30,71,6,30,2,4,0.13,67,,0
21,2020/4/22,”≈,15,4,2,12,1,1,0.07,41,,0
22,2020/4/23,”≈,26,65,6,20,2,8,0.16,73,,0
23,2020/4/24,¡º,89,362,17,124,2,18,0.22,71,,0
24,2020/4/25,”≈,49,159,10,58,2,5,0.2,88,,0
25,2020/4/26,”≈,34,53,12,30,2,19,0.24,67,,0
26,2020/4/27,¡º,59,243,41,63,3,29,0.68,85,,0
27,2020/4/28,¡º,85,343,59,105,5,40,0.59,111,,0
28,2020/4/29,¡º,94,354,59,118,8,26,0.63,145,,0
29,2020/4/30,«·∂»Œ€»æ,125,363,88,124,8,43,0.98,166,,1
0,2020/5/1,÷–∂»Œ€»æ,154,363,109,133,6,42,1.08,168,,1
1,2020/5/2,¡º,86,337,55,83,3,20,0.61,138,,0
2,2020/5/3,¡º,78,281,57,63,4,25,1.11,71,,0
3,2020/5/4,¡º,52,191,35,51,4,26,0.77,33,,0
4,2020/5/5,¡º,64,322,46,48,2,28,0.56,48,,0
5,2020/5/6,¡º,97,361,72,65,3,30,0.72,100,,0
6,2020/5/7,¡º,96,359,72,68,8,34,1.27,76,,0
7,2020/5/8,¡º,57,327,41,21,2,19,1.01,68,,0
8,2020/5/9,”≈,47,271,33,29,2,25,0.63,46,,0
9,2020/5/10,¡º,53,207,19,60,2,17,0.4,51,,0
10,2020/5/11,¡º,92,352,17,117,2,9,0.2,76,,0
11,2020/5/12,¡º,87,337,17,125,2,13,0.25,82,,0
12,2020/5/13,«·∂»Œ€»æ,117,362,39,184,3,33,0.49,90,,1
13,2020/5/14,¡º,77,324,36,94,4,24,0.53,117,,0
14,2020/5/15,¡º,59,249,40,53,2,21,0.58,90,,0
15,2020/5/16,¡º,62,252,41,58,2,25,0.63,59,,0
16,2020/5/17,¡º,65,254,17,81,2,29,0.3,40,,0
17,2020/5/18,”≈,41,116,10,45,2,12,0.2,62,,0
18,2020/5/19,”≈,47,134,13,45,1,20,0.23,87,,0
19,2020/5/20,”≈,49,153,18,43,3,19,0.4,116,,0
20,2020/5/21,¡º,93,353,69,66,5,25,1.26,97,,0
21,2020/5/22,¡º,66,308,45,35,2,19,0.82,87,,0
22,2020/5/23,”≈,22,16,5,12,3,12,0.28,67,,0
23,2020/5/24,”≈,29,56,8,19,2,18,0.29,82,,0
24,2020/5/25,”≈,29,91,9,26,2,27,0.31,49,,0
25,2020/5/26,”≈,28,81,9,18,2,17,0.24,75,,0
26,2020/5/27,”≈,30,57,8,20,2,12,0.27,83,,0
27,2020/5/28,¡º,69,301,36,60,4,32,0.68,105,,0
28,2020/5/29,¡º,83,337,57,81,9,29,1.22,137,,0
29,2020/5/30,¡º,86,355,55,76,5,22,0.95,118,,0
30,2020/5/31,”≈,28,39,11,13,2,14,0.3,77,,0
0,2020/6/1,”≈,48,217,18,55,3,30,0.4,81,,0
1,2020/6/2,¡º,56,266,22,69,2,25,0.35,96,,0
2,2020/6/3,«·∂»Œ€»æ,144,354,43,221,2,31,0.34,83,,1
3,2020/6/4,”≈,42,194,8,41,3,20,0.28,78,,0
4,2020/6/5,”≈,44,219,11,38,3,17,0.49,104,,0
5,2020/6/6,¡º,62,281,21,55,5,25,0.63,119,,0
6,2020/6/7,¡º,87,330,30,88,5,34,0.67,143,,0
7,2020/6/8,«·∂»Œ€»æ,101,353,57,119,4,31,0.65,141,,1
8,2020/6/9,¡º,70,334,36,89,6,26,0.79,84,,0
9,2020/6/10,¡º,87,349,54,67,2,20,0.81,116,,0
10,2020/6/11,¡º,71,334,47,71,3,28,0.65,122,,0
11,2020/6/12,¡º,74,353,30,53,2,22,0.58,150,,0
12,2020/6/13,¡º,86,358,52,89,3,26,0.75,131,,0
13,2020/6/14,”≈,35,188,6,24,2,12,0.22,101,,0
14,2020/6/15,¡º,55,293,13,49,2,26,0.33,112,,0
15,2020/6/16,¡º,93,362,34,107,11,30,0.86,147,,0
16,2020/6/17,¡º,67,343,20,84,2,19,0.44,119,,0
17,2020/6/18,¡º,59,339,23,58,2,20,0.49,114,,0
18,2020/6/19,¡º,55,302,23,42,2,18,0.45,121,,0
19,2020/6/20,¡º,77,326,36,77,3,18,0.58,147,,0
20,2020/6/21,¡º,75,329,35,73,3,19,0.55,147,,0
21,2020/6/22,¡º,83,362,49,83,3,21,0.71,144,,0
22,2020/6/23,¡º,69,347,44,62,3,21,0.76,114,,0
23,2020/6/24,”≈,34,167,19,28,2,14,0.45,98,,0
24,2020/6/25,”≈,47,250,32,34,2,19,0.6,87,,0
25,2020/6/26,”≈,41,230,27,31,2,17,0.55,100,,0
26,2020/6/27,«·∂»Œ€»æ,101,360,65,65,2,21,0.85,137,,1
27,2020/6/28,¡º,89,362,57,54,2,17,0.88,137,,0
28,2020/6/29,”≈,43,266,28,38,2,26,0.54,82,,0
29,2020/6/30,”≈,38,187,15,25,2,16,0.38,103,,0
0,2020/7/1,¡º,69,324,24,52,2,26,0.5,125,,0
1,2020/7/2,”≈,44,243,27,32,2,15,0.72,124,,0
2,2020/7/3,¡º,67,349,49,38,2,16,0.89,94,,0
3,2020/7/4,¡º,64,342,44,42,2,20,0.61,103,,0
4,2020/7/5,”≈,39,229,22,29,2,19,0.46,92,,0
5,2020/7/6,”≈,42,247,17,27,2,17,0.43,105,,0
6,2020/7/7,”≈,32,164,13,24,2,19,0.34,85,,0
7,2020/7/8,¡º,61,314,30,47,4,21,0.65,114,,0
8,2020/7/9,”≈,44,240,28,30,2,15,0.59,88,,0
9,2020/7/10,¡º,63,327,45,39,2,19,0.7,75,,0
10,2020/7/11,«·∂»Œ€»æ,110,361,82,59,2,22,1.05,69,,1
11,2020/7/12,«·∂»Œ€»æ,116,365,88,58,2,22,1.23,78,,1
12,2020/7/13,¡º,72,361,50,49,2,21,0.93,78,,0
13,2020/7/14,”≈,50,275,31,43,2,19,0.65,97,,0
14,2020/7/15,¡º,56,293,30,43,2,19,0.54,110,,0
15,2020/7/16,¡º,71,334,47,72,2,21,0.66,126,,0
16,2020/7/17,¡º,66,338,47,60,2,19,0.61,94,,0
17,2020/7/18,¡º,59,332,42,32,3,15,0.61,76,,0
18,2020/7/19,”≈,48,316,28,24,2,16,0.49,66,,0
19,2020/7/20,¡º,71,349,33,57,2,25,0.61,116,,0
20,2020/7/21,¡º,63,331,33,62,2,20,0.55,126,,0
21,2020/7/22,¡º,80,352,41,59,3,22,0.75,137,,0
22,2020/7/23,¡º,62,332,29,52,2,27,0.63,114,,0
23,2020/7/24,¡º,55,295,24,43,2,24,0.54,125,,0
24,2020/7/25,¡º,66,320,26,62,2,35,0.58,115,,0
25,2020/7/26,”≈,42,225,24,37,2,16,0.53,97,,0
26,2020/7/27,¡º,76,358,55,37,2,19,0.76,69,,0
27,2020/7/28,¡º,96,360,72,44,2,19,0.95,85,,0
28,2020/7/29,¡º,76,355,55,51,3,17,0.86,109,,0
29,2020/7/30,¡º,100,364,72,68,2,22,0.83,105,,0
30,2020/7/31,¡º,62,352,42,54,3,21,0.72,96,,0
0,2020/8/1,”≈,48,306,33,31,2,23,0.67,68,,0
1,2020/8/2,”≈,42,294,15,31,2,19,0.44,101,,0
2,2020/8/3,”≈,41,262,17,34,2,22,0.48,98,,0
3,2020/8/4,”≈,41,287,13,35,2,26,0.42,80,,0
4,2020/8/5,¡º,52,341,31,53,2,31,0.69,59,,0
5,2020/8/6,”≈,47,346,30,42,2,21,0.79,88,,0
6,2020/8/7,”≈,41,313,23,31,3,18,0.69,81,,0
7,2020/8/8,”≈,46,325,22,40,2,18,0.57,104,,0
8,2020/8/9,”≈,43,270,17,32,2,15,0.45,112,,0
9,2020/8/10,”≈,37,211,14,25,2,15,0.4,104,,0
10,2020/8/11,¡º,65,335,30,53,2,19,0.57,121,,0
11,2020/8/12,”≈,50,328,33,47,2,20,0.65,77,,0
12,2020/8/13,”≈,27,180,11,16,3,13,0.6,77,,0
13,2020/8/14,¡º,53,335,26,41,2,21,0.61,99,,0
14,2020/8/15,”≈,47,328,32,46,2,23,0.64,73,,0
15,2020/8/16,¡º,54,317,38,37,3,20,0.62,60,,0
16,2020/8/17,¡º,65,348,47,39,2,19,0.75,54,,0
17,2020/8/18,”≈,47,283,31,25,2,21,0.64,39,,0
18,2020/8/19,”≈,23,103,9,22,2,21,0.41,41,,0
19,2020/8/20,”≈,31,201,19,29,2,22,0.5,39,,0
20,2020/8/21,”≈,45,309,22,43,2,25,0.62,79,,0
21,2020/8/22,¡º,57,336,37,57,2,25,0.68,93,,0
22,2020/8/23,¡º,78,362,56,72,2,25,0.75,101,,0
23,2020/8/24,”≈,30,119,10,15,2,13,0.37,87,,0
24,2020/8/25,”≈,47,270,17,41,2,28,0.5,84,,0
25,2020/8/26,¡º,85,363,58,77,4,31,1.55,90,,0
26,2020/8/27,¡º,68,340,45,51,2,24,1.04,75,,0
27,2020/8/28,”≈,42,167,16,38,2,24,0.51,90,,0
28,2020/8/29,¡º,68,325,48,73,2,31,0.8,92,,0
29,2020/8/30,¡º,73,340,53,55,2,21,0.95,93,,0
30,2020/8/31,”≈,29,127,15,23,2,20,0.5,42,,0
0,2020/9/1,”≈,28,64,11,25,2,22,0.46,43,,0
1,2020/9/2,”≈,27,42,13,25,2,19,0.4,46,,0
2,2020/9/3,”≈,20,26,6,16,2,16,0.34,48,,0
3,2020/9/4,”≈,36,95,13,33,2,27,0.45,48,,0
4,2020/9/5,¡º,55,247,23,51,2,30,1.17,84,,0
5,2020/9/6,¡º,90,358,57,82,4,32,1.02,120,,0
6,2020/9/7,”≈,33,88,16,28,2,19,0.44,80,,0
7,2020/9/8,”≈,22,53,7,18,2,21,0.33,46,,0
8,2020/9/9,”≈,26,80,7,22,2,25,0.33,44,,0
9,2020/9/10,”≈,20,49,6,20,2,20,0.32,36,,0
10,2020/9/11,”≈,16,8,4,14,2,17,0.4,26,,0
11,2020/9/12,”≈,21,46,10,20,2,16,0.43,44,,0
12,2020/9/13,”≈,40,198,23,38,2,25,0.53,58,,0
13,2020/9/14,¡º,59,314,42,49,2,23,0.61,64,,0
14,2020/9/15,”≈,50,308,34,22,2,21,0.67,52,,0
15,2020/9/16,”≈,16,15,5,15,2,13,0.28,38,,0
16,2020/9/17,”≈,21,45,6,18,2,19,0.33,41,,0
17,2020/9/18,”≈,28,141,9,25,2,28,0.37,35,,0
18,2020/9/19,”≈,36,173,13,36,2,31,0.41,58,,0
19,2020/9/20,”≈,32,169,11,30,2,25,0.33,59,,0
20,2020/9/21,¡º,59,318,36,64,3,37,0.63,69,,0
21,2020/9/22,”≈,41,229,23,37,2,31,0.5,43,,0
22,2020/9/23,”≈,48,269,33,35,2,34,0.93,38,,0
23,2020/9/24,”≈,43,204,27,23,3,23,0.65,59,,0
24,2020/9/25,”≈,50,223,34,39,2,32,0.7,63,,0
25,2020/9/26,¡º,73,327,52,54,2,34,0.71,85,,0
26,2020/9/27,¡º,88,358,65,65,2,38,0.77,97,,0
27,2020/9/28,«·∂»Œ€»æ,109,361,82,84,2,39,0.82,78,,1
28,2020/9/29,”≈,21,34,13,13,3,18,0.39,38,,0
29,2020/9/30,”≈,28,62,16,27,2,26,0.39,25,,0
0,2020/10/1,¡º,61,295,43,47,2,29,0.59,32,,0
1,2020/10/2,”≈,22,49,5,18,2,12,0.21,47,,0
2,2020/10/3,”≈,40,211,20,44,4,27,0.45,37,,0
3,2020/10/4,”≈,20,62,4,19,2,8,0.18,43,,0
4,2020/10/5,”≈,22,90,6,20,2,20,0.26,35,,0
5,2020/10/6,”≈,46,241,25,50,4,36,0.52,30,,0
6,2020/10/7,¡º,81,354,59,84,5,54,0.89,28,,0
7,2020/10/8,«·∂»Œ€»æ,113,359,85,93,3,67,0.92,18,,1
8,2020/10/9,«·∂»Œ€»æ,141,362,107,106,3,69,1,36,,1
9,2020/10/10,÷–∂»Œ€»æ,184,366,139,104,3,47,1,68,,1
10,2020/10/11,¡º,64,266,43,43,2,23,0.41,45,,0
11,2020/10/12,”≈,28,42,9,28,2,26,0.28,37,,0
12,2020/10/13,”≈,37,103,13,38,2,27,0.33,36,,0
13,2020/10/14,”≈,32,110,8,32,3,25,0.46,28,,0
14,2020/10/15,¡º,76,348,45,71,2,44,0.73,16,,0
15,2020/10/16,”≈,35,185,17,26,2,28,0.35,39,,0
16,2020/10/17,”≈,44,198,15,45,2,43,0.39,26,,0
17,2020/10/18,¡º,56,231,27,64,3,50,0.63,27,,0
18,2020/10/19,¡º,72,268,48,78,3,56,0.85,27,,0
19,2020/10/20,÷–∂»Œ€»æ,152,355,115,119,3,76,1,16,,1
20,2020/10/21,«·∂»Œ€»æ,109,317,43,140,2,24,0.37,41,,1
21,2020/10/22,”≈,49,144,12,59,2,22,0.27,40,,0
22,2020/10/23,”≈,23,10,7,21,1,17,0.23,35,,0
23,2020/10/24,¡º,56,122,29,65,3,46,0.56,28,,0
24,2020/10/25,«·∂»Œ€»æ,104,346,78,119,5,68,0.93,26,,1
25,2020/10/26,«·∂»Œ€»æ,117,320,84,118,4,59,0.88,37,,1
26,2020/10/27,”≈,44,94,8,47,2,24,0.3,43,,0
27,2020/10/28,”≈,44,134,15,47,3,41,0.43,21,,0
28,2020/10/29,¡º,62,214,34,74,3,57,0.62,16,,0
29,2020/10/30,¡º,71,248,51,80,2,55,0.7,27,,0
30,2020/10/31,÷–∂»Œ€»æ,159,361,78,217,2,53,0.64,21,,1
0,2020/11/1,¡º,54,154,15,67,2,20,0.28,37,,0
1,2020/11/2,”≈,42,98,6,44,2,16,0.23,40,,0
2,2020/11/3,”≈,33,67,10,34,2,27,0.3,28,,0
3,2020/11/4,¡º,63,246,37,77,3,57,0.68,8,,0
4,2020/11/5,«·∂»Œ€»æ,113,358,84,124,5,86,1.12,9,,1
5,2020/11/6,«·∂»Œ€»æ,114,361,74,136,3,70,0.91,24,,1
6,2020/11/7,¡º,92,290,27,136,2,25,0.38,42,,0
7,2020/11/8,”≈,36,52,11,40,2,27,0.32,30,,0
8,2020/11/9,”≈,48,74,20,55,2,47,0.52,16,,0
9,2020/11/10,¡º,63,134,36,73,3,58,0.73,11,,0
10,2020/11/11,«·∂»Œ€»æ,129,353,98,135,6,88,1.15,6,,1
11,2020/11/12,«·∂»Œ€»æ,127,346,89,113,4,69,0.97,26,,1
12,2020/11/13,”≈,46,78,20,50,4,43,0.56,23,,0
13,2020/11/14,¡º,70,209,46,82,3,63,0.86,4,,0
14,2020/11/15,«·∂»Œ€»æ,103,281,77,91,3,61,1.05,10,,1
15,2020/11/16,«·∂»Œ€»æ,135,327,103,114,5,69,1.53,4,,1
16,2020/11/17,«·∂»Œ€»æ,137,344,104,95,2,49,1.66,7,,1
17,2020/11/18,¡º,60,317,45,18,2,29,0.99,21,,0
18,2020/11/19,”≈,15,8,7,11,2,14,0.33,44,,0
19,2020/11/20,”≈,22,23,9,20,2,21,0.32,44,,0
20,2020/11/21,”≈,42,233,26,33,2,42,0.53,14,,0
21,2020/11/22,”≈,15,13,7,13,2,11,0.26,45,,0
22,2020/11/23,”≈,27,87,13,27,3,25,0.38,31,,0
23,2020/11/24,”≈,45,173,29,47,3,46,0.61,13,,0
24,2020/11/25,”≈,40,144,25,40,4,35,0.55,28,,0
25,2020/11/26,”≈,38,136,19,39,4,44,0.63,17,,0
26,2020/11/27,”≈,30,92,16,30,2,22,0.42,43,,0
27,2020/11/28,”≈,25,38,11,24,2,22,0.34,38,,0
28,2020/11/29,”≈,32,53,15,32,3,29,0.39,28,,0
29,2020/11/30,”≈,31,38,16,32,3,28,0.38,31,,0
0,2020/12/1,”≈,40,93,24,41,3,42,0.5,15,,0
1,2020/12/2,”≈,34,73,18,35,3,28,0.43,33,,0
2,2020/12/3,”≈,21,17,7,19,2,20,0.3,48,,0
3,2020/12/4,”≈,20,12,7,19,3,20,0.33,47,,0
4,2020/12/5,”≈,36,51,21,36,6,42,0.48,25,,0
5,2020/12/6,¡º,53,97,34,52,6,35,0.58,29,,0
6,2020/12/7,”≈,26,20,7,26,3,14,0.28,48,,0
7,2020/12/8,”≈,37,50,20,39,5,40,0.5,21,,0
8,2020/12/9,¡º,65,179,44,78,6,59,0.85,5,,0
9,2020/12/10,¡º,78,180,56,94,5,69,1.11,10,,0
10,2020/12/11,¡º,51,75,32,55,4,52,0.64,19,,0
11,2020/12/12,¡º,99,232,73,99,4,60,1.33,8,,0
12,2020/12/13,”≈,26,22,8,26,2,8,0.28,49,,0
13,2020/12/14,”≈,26,67,10,26,3,19,0.36,37,,0
14,2020/12/15,”≈,37,115,15,38,4,35,0.43,19,,0
15,2020/12/16,”≈,35,94,17,38,4,31,0.44,25,,0
16,2020/12/17,¡º,61,180,36,72,5,56,0.84,8,,0
17,2020/12/18,”≈,27,31,9,27,3,18,0.31,46,,0
18,2020/12/19,”≈,45,105,25,51,5,50,0.57,11,,0
19,2020/12/20,”≈,40,55,24,43,5,43,0.56,27,,0
20,2020/12/21,¡º,53,74,34,54,5,55,0.71,16,,0
21,2020/12/22,¡º,72,105,52,75,5,64,0.9,9,,0
22,2020/12/23,¡º,94,168,39,128,4,30,0.59,42,,0
23,2020/12/24,¡º,54,103,19,60,3,24,0.38,44,,0
24,2020/12/25,¡º,64,140,31,79,5,55,0.71,12,,0
25,2020/12/26,¡º,75,156,46,98,9,57,1.24,6,,0
26,2020/12/27,¡º,85,129,63,100,6,59,1.39,8,,0
27,2020/12/28,¡º,88,156,60,93,7,39,0.94,20,,0
28,2020/12/29,”≈,50,139,8,54,2,6,0.28,49,,0
29,2020/12/30,”≈,30,55,5,30,2,7,0.29,51,,0
30,2020/12/31,”≈,34,50,11,35,2,26,0.38,34,,0
0,2021/1/1,¡º,55,198,28,61,5,49,0.73,10,,0
1,2021/1/2,¡º,72,187,51,79,5,47,1.19,13,,0
2,2021/1/3,”≈,30,19,13,30,3,30,0.42,29,,0
3,2021/1/4,”≈,37,37,15,37,3,23,0.42,39,,0
4,2021/1/5,”≈,28,26,10,27,2,18,0.3,40,,0
5,2021/1/6,¡º,61,134,11,75,2,7,0.25,51,,0
6,2021/1/7,”≈,27,25,8,26,2,9,0.3,49,,0
7,2021/1/8,”≈,28,34,8,28,2,12,0.24,52,,0
8,2021/1/9,”≈,34,47,9,35,2,13,0.26,50,,0
9,2021/1/10,”≈,25,12,8,23,2,13,0.26,55,,0
10,2021/1/11,”≈,49,84,18,57,3,19,0.38,38,,0
11,2021/1/12,¡º,97,253,43,143,4,47,0.73,16,,0
12,2021/1/13,«·∂»Œ€»æ,142,314,57,234,2,30,0.54,39,,1
13,2021/1/14,¡º,82,153,53,115,5,34,0.95,24,,0
14,2021/1/15,¡º,99,193,42,146,2,17,0.49,49,,0
15,2021/1/16,”≈,30,19,9,30,2,11,0.27,55,,0
16,2021/1/17,”≈,50,75,16,54,3,22,0.38,42,,0
17,2021/1/18,¡º,55,93,18,61,3,25,0.42,40,,0
18,2021/1/19,”≈,46,56,26,46,2,24,0.61,33,,0
19,2021/1/20,¡º,71,149,51,62,3,37,0.8,20,,0
20,2021/1/21,«·∂»Œ€»æ,103,210,77,93,5,51,1.17,16,,1
21,2021/1/22,«·∂»Œ€»æ,112,227,84,109,8,54,1.45,22,,1
22,2021/1/23,«·∂»Œ€»æ,115,242,86,93,3,50,1.34,20,,1
23,2021/1/24,«·∂»Œ€»æ,137,247,104,103,3,52,1.3,20,,1
24,2021/1/25,÷–∂»Œ€»æ,175,314,132,106,2,59,1.5,10,,1
25,2021/1/26,«·∂»Œ€»æ,110,258,82,78,2,40,1.08,30,,1
26,2021/1/27,¡º,54,98,27,60,5,33,0.74,35,,0
27,2021/1/28,”≈,44,72,6,48,2,7,0.24,64,,0
28,2021/1/29,”≈,47,90,19,50,3,31,0.53,27,,0
29,2021/1/30,¡º,68,170,40,86,4,47,0.88,19,,0
30,2021/1/31,¡º,87,225,63,81,3,33,1.05,28,,0
0,2021/2/1,”≈,48,89,20,52,2,12,0.38,55,,0
1,2021/2/2,”≈,36,45,13,36,2,17,0.42,47,,0
2,2021/2/3,”≈,47,71,17,50,3,23,0.47,40,,0
3,2021/2/4,¡º,54,96,33,60,4,34,0.62,37,,0
4,2021/2/5,¡º,65,159,41,73,4,44,0.83,32,,0
5,2021/2/6,¡º,81,259,33,112,3,26,0.53,52,,0
6,2021/2/7,”≈,46,81,24,57,3,12,0.44,58,,0
7,2021/2/8,”≈,43,112,29,41,3,28,0.62,41,,0
8,2021/2/9,¡º,84,284,62,71,5,39,0.92,42,,0
9,2021/2/10,¡º,99,291,74,81,6,39,1.04,53,,0
10,2021/2/11,÷ÿ∂»Œ€»æ,204,357,159,149,8,41,1.7,62,,1
11,2021/2/12,÷ÿ∂»Œ€»æ,249,356,201,205,8,31,1.62,76,,1
12,2021/2/13,—œ÷ÿŒ€»æ,255,366,205,192,5,38,2.28,27,,1
13,2021/2/14,«·∂»Œ€»æ,141,352,109,88,2,22,1.5,28,,1
14,2021/2/15,”≈,33,83,8,24,2,7,0.27,68,,0
15,2021/2/16,”≈,32,58,5,31,2,4,0.21,72,,0
16,2021/2/17,”≈,22,7,8,15,2,7,0.27,64,,0
17,2021/2/18,”≈,35,83,24,33,4,24,0.48,45,,0
18,2021/2/19,¡º,64,256,44,65,4,42,0.79,36,,0
19,2021/2/20,¡º,70,272,44,90,4,48,0.81,33,,0
20,2021/2/21,«·∂»Œ€»æ,119,345,55,186,3,34,0.66,41,,1
21,2021/2/22,¡º,55,117,28,69,3,13,0.38,66,,0
22,2021/2/23,”≈,47,135,27,49,2,19,0.54,49,,0
23,2021/2/24,¡º,60,246,42,51,3,26,0.67,38,,0
24,2021/2/25,«·∂»Œ€»æ,103,347,77,75,3,34,0.95,41,,1
25,2021/2/26,÷–∂»Œ€»æ,170,353,129,107,4,39,1.3,54,,1
26,2021/2/27,÷–∂»Œ€»æ,162,342,122,100,6,38,1.06,66,,1
27,2021/2/28,«·∂»Œ€»æ,129,351,97,71,3,38,0.95,44,,1
0,2021/3/1,”≈,31,121,21,15,2,13,0.41,56,,0
1,2021/3/2,¡º,79,332,58,51,2,22,0.66,30,,0
2,2021/3/3,«·∂»Œ€»æ,147,359,112,99,1,37,1.07,20,,1
3,2021/3/4,÷–∂»Œ€»æ,198,365,149,128,2,49,1.34,18,,1
4,2021/3/5,÷–∂»Œ€»æ,156,363,116,103,2,36,1.13,26,,1
5,2021/3/6,”≈,48,209,20,51,3,25,0.58,43,,0
6,2021/3/7,¡º,77,312,56,72,2,39,0.71,28,,0
7,2021/3/8,«·∂»Œ€»æ,115,327,87,82,3,48,0.8,29,,1
8,2021/3/9,÷–∂»Œ€»æ,184,362,141,110,4,50,1.02,43,,1
9,2021/3/10,÷ÿ∂»Œ€»æ,232,365,184,132,3,55,1.23,44,,1
10,2021/3/11,÷–∂»Œ€»æ,163,349,123,81,2,39,0.93,51,,1
11,2021/3/12,«·∂»Œ€»æ,135,351,103,69,2,36,0.9,36,,1
12,2021/3/13,«·∂»Œ€»æ,134,341,102,60,2,29,1,49,,1
13,2021/3/14,÷–∂»Œ€»æ,172,348,130,95,1,46,0.98,24,,1
14,2021/3/15,—œ÷ÿŒ€»æ,363,345,208,1563,2,19,0.42,54,,1
15,2021/3/16,«·∂»Œ€»æ,114,238,36,178,2,19,0.29,59,,1
16,2021/3/17,÷–∂»Œ€»æ,185,294,62,312,3,49,0.63,22,,1
17,2021/3/18,¡º,97,311,55,130,2,27,0.63,46,,0
18,2021/3/19,¡º,97,301,72,91,2,34,0.77,31,,0
19,2021/3/20,¡º,83,228,30,88,2,16,0.45,50,,0
20,2021/3/21,”≈,32,56,6,31,2,10,0.23,71,,0
21,2021/3/22,«·∂»Œ€»æ,128,349,27,207,2,27,0.31,45,,1
22,2021/3/23,¡º,87,274,37,123,3,42,0.48,43,,0
23,2021/3/24,«·∂»Œ€»æ,106,323,40,162,2,30,0.4,56,,1
24,2021/3/25,¡º,88,248,56,115,4,40,0.5,65,,0
25,2021/3/26,÷–∂»Œ€»æ,178,362,134,159,3,73,1.01,31,,1
26,2021/3/27,÷–∂»Œ€»æ,178,359,134,111,2,39,1,51,,1
27,2021/3/28,—œ÷ÿŒ€»æ,289,335,132,790,2,17,0.4,68,,1
28,2021/3/29,¡º,87,219,20,125,2,22,0.25,64,,0
29,2021/3/30,«·∂»Œ€»æ,141,266,53,224,3,35,0.5,56,,1
30,2021/3/31,«·∂»Œ€»æ,115,312,53,181,2,39,0.55,53,,1
0,2021/4/1,«·∂»Œ€»æ,113,351,73,176,8,44,0.93,78,,1
1,2021/4/2,¡º,59,281,36,68,2,26,0.45,73,,0
2,2021/4/3,”≈,37,173,13,27,2,18,0.27,65,,0
3,2021/4/4,”≈,32,77,6,28,2,20,0.22,68,,0
4,2021/4/5,¡º,60,279,30,70,3,29,0.38,68,,0
5,2021/4/6,¡º,55,190,30,60,2,31,0.39,73,,0
6,2021/4/7,¡º,66,283,39,81,4,35,0.51,67,,0
7,2021/4/8,¡º,64,280,33,72,3,34,0.42,69,,0
8,2021/4/9,¡º,64,265,40,77,6,33,0.65,74,,0
9,2021/4/10,¡º,89,340,65,101,7,39,0.88,79,,0
10,2021/4/11,¡º,83,343,59,95,3,34,0.53,79,,0
11,2021/4/12,¡º,74,307,47,73,3,31,0.59,51,,0
12,2021/4/13,”≈,30,76,5,24,2,13,0.22,74,,0
13,2021/4/14,¡º,66,319,23,83,2,27,0.3,57,,0
14,2021/4/15,÷–∂»Œ€»æ,171,328,69,306,4,23,0.4,67,,1
15,2021/4/16,«·∂»Œ€»æ,111,270,36,172,2,8,0.21,70,,1
16,2021/4/17,”≈,34,54,9,33,2,13,0.22,68,,0
17,2021/4/18,¡º,64,206,25,78,3,32,0.35,60,,0
18,2021/4/19,¡º,90,351,54,131,3,39,0.5,87,,0
19,2021/4/20,¡º,87,344,52,125,3,38,0.57,101,,0
20,2021/4/21,¡º,64,309,39,76,2,34,0.55,83,,0
21,2021/4/22,”≈,47,166,32,42,2,26,0.62,69,,0
22,2021/4/23,”≈,46,153,24,37,2,21,0.5,69,,0
23,2021/4/24,”≈,41,158,20,41,2,20,0.45,79,,0
24,2021/4/25,¡º,56,296,38,58,2,26,0.55,77,,0
25,2021/4/26,¡º,57,264,36,62,3,28,0.49,76,,0
26,2021/4/27,¡º,80,273,28,108,2,19,0.35,70,,0
27,2021/4/28,¡º,57,193,13,64,2,16,0.22,74,,0
28,2021/4/29,¡º,56,181,16,66,2,20,0.26,67,,0
29,2021/4/30,”≈,32,35,12,30,2,23,0.3,59,,0
0,2021/5/1,”≈,29,13,9,29,2,16,0.25,56,,0
1,2021/5/2,”≈,41,95,12,43,2,17,0.25,67,,0
2,2021/5/3,¡º,65,299,35,78,4,24,0.49,88,,0
3,2021/5/4,¡º,54,222,13,63,2,11,0.24,80,,0
4,2021/5/5,¡º,74,276,26,99,2,18,0.3,82,,0
5,2021/5/6,÷–∂»Œ€»æ,200,342,82,339,3,17,0.84,81,,1
6,2021/5/7,«·∂»Œ€»æ,142,254,72,215,2,8,0.25,81,,1
7,2021/5/8,¡º,95,253,44,130,2,16,0.25,72,,0
8,2021/5/9,¡º,52,199,20,54,3,30,0.37,72,,0
9,2021/5/10,¡º,52,225,21,56,3,27,0.48,89,,0
10,2021/5/11,”≈,50,249,23,48,2,23,0.57,97,,0
11,2021/5/12,”≈,47,213,13,47,2,28,0.4,83,,0
12,2021/5/13,¡º,61,288,41,69,4,30,0.91,79,,0
13,2021/5/14,¡º,64,318,40,76,2,28,1.07,71,,0
14,2021/5/15,”≈,35,262,12,32,2,14,0.4,63,,0
15,2021/5/16,”≈,26,142,3,20,2,17,0.24,66,,0
16,2021/5/17,”≈,43,270,11,43,2,30,0.32,68,,0
17,2021/5/18,¡º,57,305,20,63,2,34,0.4,81,,0
18,2021/5/19,¡º,72,340,30,75,4,25,0.54,121,,0
19,2021/5/20,¡º,63,312,35,72,2,20,0.53,108,,0
20,2021/5/21,¡º,71,325,37,71,2,21,0.61,119,,0
21,2021/5/22,¡º,76,309,32,83,2,22,0.6,130,,0
22,2021/5/23,«·∂»Œ€»æ,135,347,51,191,2,10,0.23,69,,1
23,2021/5/24,¡º,53,209,14,59,2,14,0.22,59,,0
24,2021/5/25,¡º,67,262,18,83,2,16,0.32,88,,0
25,2021/5/26,¡º,52,260,16,59,2,22,0.38,76,,0
26,2021/5/27,”≈,39,194,11,40,2,23,0.31,54,,0
27,2021/5/28,”≈,28,81,3,18,2,10,0.2,81,,0
28,2021/5/29,”≈,39,160,8,32,2,14,0.25,91,,0
29,2021/5/30,”≈,45,206,16,39,2,18,0.38,105,,0
30,2021/5/31,”≈,42,148,25,41,2,23,0.79,63,,0
0,2021/6/1,”≈,37,153,14,34,2,19,0.5,75,,0
1,2021/6/2,”≈,45,222,21,47,2,25,0.64,66,,0
2,2021/6/3,”≈,27,70,2,21,2,15,0.23,61,,0
3,2021/6/4,”≈,34,139,6,29,2,18,0.25,60,,0
4,2021/6/5,”≈,30,61,7,23,2,19,0.26,63,,0
5,2021/6/6,”≈,44,115,11,42,2,22,0.38,92,,0
6,2021/6/7,”≈,49,148,20,46,3,18,0.64,110,,0
7,2021/6/8,¡º,61,287,27,54,2,16,0.75,137,,0
8,2021/6/9,¡º,51,248,28,56,2,20,1.59,84,,0
9,2021/6/10,”≈,32,145,9,22,2,15,0.35,97,,0
10,2021/6/11,¡º,51,248,14,44,2,29,0.38,99,,0
11,2021/6/12,¡º,88,350,29,77,3,31,0.54,149,,0
12,2021/6/13,¡º,81,352,44,94,3,21,1.05,150,,0
13,2021/6/14,”≈,33,214,21,31,3,13,0.93,85,,0
14,2021/6/15,¡º,52,331,22,35,2,12,0.7,118,,0
15,2021/6/16,”≈,33,217,18,33,2,18,0.63,60,,0
16,2021/6/17,”≈,28,163,7,16,2,15,0.37,64,,0
17,2021/6/18,”≈,29,152,5,25,2,18,0.23,62,,0
18,2021/6/19,”≈,36,192,8,33,2,23,0.23,58,,0
19,2021/6/20,”≈,38,188,9,33,2,23,0.26,66,,0
20,2021/6/21,¡º,63,289,17,65,3,24,0.45,114,,0
21,2021/6/22,¡º,53,231,14,43,2,16,0.49,117,,0
22,2021/6/23,”≈,38,111,18,34,2,20,0.44,78,,0
23,2021/6/24,”≈,43,174,23,44,2,24,0.53,90,,0
24,2021/6/25,”≈,49,251,31,49,2,17,0.84,99,,0
25,2021/6/26,”≈,40,230,20,37,2,13,0.66,104,,0
26,2021/6/27,¡º,57,319,25,46,2,15,0.73,113,,0
27,2021/6/28,¡º,62,314,32,54,2,15,0.8,126,,0
28,2021/6/29,”≈,43,246,26,41,2,12,0.65,95,,0
29,2021/6/30,”≈,34,181,13,27,2,9,0.53,108,,0
0,2021/7/1,”≈,34,202,12,27,2,12,0.43,96,,0
1,2021/7/2,”≈,37,256,10,23,2,10,0.4,109,,0
2,2021/7/3,”≈,37,255,7,15,2,9,0.47,113,,0
3,2021/7/4,”≈,33,169,9,21,2,14,0.41,82,,0
4,2021/7/5,”≈,35,192,10,29,2,19,0.47,82,,0
5,2021/7/6,”≈,38,221,11,20,3,10,0.49,116,,0
6,2021/7/7,”≈,49,293,21,40,2,15,0.64,108,,0
7,2021/7/8,”≈,38,253,12,31,2,17,0.48,92,,0
8,2021/7/9,¡º,51,308,16,37,2,15,0.55,125,,0
9,2021/7/10,¡º,62,335,31,67,2,19,0.87,116,,0
10,2021/7/11,”≈,49,304,26,48,2,14,0.85,120,,0
11,2021/7/12,”≈,16,14,4,5,2,8,0.44,51,,0
12,2021/7/13,”≈,21,38,8,16,2,12,0.59,59,,0
13,2021/7/14,”≈,37,219,19,33,2,13,0.75,93,,0
14,2021/7/15,”≈,45,307,26,42,3,13,0.87,106,,0
15,2021/7/16,”≈,34,225,17,32,2,10,0.73,95,,0
16,2021/7/17,”≈,23,108,12,22,3,9,0.58,52,,0
17,2021/7/18,”≈,26,129,15,25,2,11,0.61,47,,0
18,2021/7/19,”≈,29,157,16,28,2,13,0.56,68,,0
19,2021/7/20,”≈,36,279,18,34,2,13,0.59,68,,0
20,2021/7/21,”≈,32,253,16,32,2,15,0.6,51,,0
21,2021/7/22,”≈,25,91,13,24,2,17,0.65,34,,0
22,2021/7/23,”≈,33,198,14,30,2,16,0.48,64,,0
23,2021/7/24,”≈,50,325,26,52,2,17,0.54,87,,0
24,2021/7/25,¡º,54,342,30,59,2,17,0.6,90,,0
25,2021/7/26,¡º,54,344,29,59,2,16,0.67,86,,0
26,2021/7/27,”≈,24,116,11,16,2,11,0.55,73,,0
27,2021/7/28,”≈,20,53,11,19,2,15,0.62,35,,0
28,2021/7/29,”≈,20,49,9,16,2,13,0.53,35,,0
29,2021/7/30,”≈,19,19,6,13,2,10,0.43,53,,0
30,2021/7/31,”≈,43,224,14,36,2,14,0.58,86,,0
0,2021/8/1,”≈,23,45,5,17,2,9,0.37,66,,0
1,2021/8/2,”≈,24,62,4,18,2,11,0.38,66,,0
2,2021/8/3,”≈,39,184,15,39,2,12,0.7,89,,0
3,2021/8/4,”≈,49,293,28,47,2,14,0.75,109,,0
4,2021/8/5,”≈,43,267,25,41,2,12,0.68,109,,0
5,2021/8/6,”≈,40,242,23,40,2,16,0.58,85,,0
6,2021/8/7,¡º,68,337,40,69,2,17,0.73,108,,0
7,2021/8/8,¡º,64,334,40,76,2,19,0.77,107,,0
8,2021/8/9,”≈,40,162,16,23,2,9,0.58,121,,0
9,2021/8/10,”≈,35,170,13,28,2,15,0.56,90,,0
10,2021/8/11,¡º,52,304,29,53,2,18,0.82,89,,0
11,2021/8/12,”≈,48,296,26,48,2,13,0.89,95,,0
12,2021/8/13,”≈,42,289,21,41,2,15,0.72,90,,0
13,2021/8/14,”≈,36,250,22,36,2,12,0.68,86,,0
14,2021/8/15,”≈,34,220,19,34,2,14,0.64,68,,0
15,2021/8/16,”≈,35,244,22,33,2,14,0.76,75,,0
16,2021/8/17,”≈,27,143,9,16,2,10,0.53,77,,0
17,2021/8/18,”≈,33,179,14,32,2,18,0.53,69,,0
18,2021/8/19,”≈,29,105,14,22,2,13,0.59,67,,0
19,2021/8/20,”≈,26,87,8,15,2,11,0.62,77,,0
20,2021/8/21,”≈,31,151,10,25,2,15,0.55,67,,0
21,2021/8/22,¡º,58,330,33,67,2,17,1.32,85,,0
22,2021/8/23,”≈,49,321,25,49,2,11,0.69,96,,0
23,2021/8/24,”≈,24,73,8,17,2,11,0.38,73,,0
24,2021/8/25,”≈,19,43,5,16,2,14,0.37,57,,0
25,2021/8/26,”≈,19,34,4,15,2,12,0.37,52,,0
26,2021/8/27,”≈,24,106,7,20,3,15,0.41,55,,0
27,2021/8/28,”≈,26,124,9,24,2,19,0.43,42,,0
28,2021/8/29,”≈,37,228,16,38,2,17,0.45,73,,0
29,2021/8/30,”≈,50,331,25,50,2,21,0.58,82,,0
30,2021/8/31,”≈,42,268,23,37,2,18,0.62,85,,0
0,2021/9/1,”≈,40,242,15,35,2,23,0.5,84,,0
1,2021/9/2,”≈,45,267,20,43,2,21,0.55,91,,0
2,2021/9/3,¡º,53,316,27,52,2,20,0.65,98,,0
3,2021/9/4,”≈,35,215,21,33,2,16,0.79,75,,0
4,2021/9/5,”≈,25,98,13,23,2,14,0.53,59,,0
5,2021/9/6,”≈,19,24,4,8,3,11,0.4,51,,0
6,2021/9/7,”≈,28,142,10,26,2,17,0.45,62,,0
7,2021/9/8,”≈,38,193,19,36,2,18,0.58,92,,0
8,2021/9/9,”≈,47,239,32,48,2,22,0.73,71,,0
9,2021/9/10,¡º,53,257,31,53,2,20,0.79,90,,0
10,2021/9/11,¡º,65,322,42,72,2,22,0.93,97,,0
11,2021/9/12,”≈,50,252,28,53,2,21,0.91,54,,0
12,2021/9/13,”≈,35,168,17,32,2,18,0.77,55,,0
13,2021/9/14,”≈,37,188,19,36,2,19,0.78,44,,0
14,2021/9/15,”≈,44,246,18,44,2,26,0.7,43,,0
15,2021/9/16,”≈,31,168,15,31,2,24,0.68,29,,0
16,2021/9/17,”≈,27,97,8,22,2,19,0.42,44,,0
17,2021/9/18,”≈,42,217,18,44,2,28,0.53,43,,0
18,2021/9/19,”≈,31,160,20,30,2,19,0.6,44,,0
19,2021/9/20,”≈,21,35,4,5,2,11,0.52,61,,0
20,2021/9/21,”≈,20,40,4,13,2,15,0.43,51,,0
21,2021/9/22,”≈,29,114,8,26,2,20,0.43,59,,0
22,2021/9/23,”≈,47,235,20,47,3,28,0.66,68,,0
23,2021/9/24,”≈,24,70,14,20,2,18,0.86,51,,0
24,2021/9/25,”≈,26,109,13,23,2,16,0.6,52,,0
25,2021/9/26,”≈,21,69,12,20,2,20,0.58,32,,0
26,2021/9/27,”≈,27,103,11,23,2,19,0.49,48,,0
27,2021/9/28,”≈,47,235,22,49,2,27,0.62,44,,0
28,2021/9/29,”≈,43,226,17,43,2,26,0.54,47,,0
29,2021/9/30,¡º,54,274,30,58,3,24,0.85,52,,0
0,2021/10/1,”≈,29,48,10,27,2,20,0.39,43,,0
1,2021/10/2,¡º,55,226,27,61,2,31,0.73,25,,0
2,2021/10/3,”≈,50,230,28,56,2,24,0.81,39,,0
3,2021/10/4,”≈,18,15,3,18,2,13,0.25,39,,0
4,2021/10/5,”≈,13,14,5,12,2,17,0.33,23,,0
5,2021/10/6,”≈,11,10,5,6,3,15,0.34,30,,0
6,2021/10/7,”≈,17,29,7,14,2,15,0.28,33,,0
7,2021/10/8,”≈,27,116,13,25,2,20,0.39,38,,0
8,2021/10/9,”≈,34,171,22,26,2,26,0.58,39,,0
9,2021/10/10,”≈,23,91,3,20,2,13,0.25,50,,0
10,2021/10/11,”≈,27,155,7,25,2,25,0.31,30,,0
11,2021/10/12,”≈,33,182,11,32,2,28,0.39,33,,0
12,2021/10/13,”≈,48,258,28,47,2,41,0.5,33,,0
13,2021/10/14,”≈,40,210,17,41,3,32,0.5,29,,0
14,2021/10/15,”≈,27,136,7,27,2,16,0.3,40,,0
15,2021/10/16,”≈,22,119,3,18,2,10,0.25,48,,0
16,2021/10/17,”≈,38,250,15,41,2,32,0.38,21,,0
17,2021/10/18,¡º,58,296,34,66,2,40,0.52,20,,0
18,2021/10/19,”≈,24,43,5,20,2,18,0.26,43,,0
19,2021/10/20,”≈,44,252,22,46,2,36,0.43,22,,0
20,2021/10/21,”≈,35,174,15,34,2,25,0.36,34,,0
21,2021/10/22,”≈,30,110,8,28,2,25,0.28,42,,0
22,2021/10/23,¡º,54,227,29,57,3,41,0.45,30,,0
23,2021/10/24,¡º,91,325,68,82,3,50,0.68,34,,0
24,2021/10/25,÷–∂»Œ€»æ,153,359,116,107,3,56,0.92,36,,1
25,2021/10/26,¡º,87,287,57,60,2,33,0.59,38,,0
26,2021/10/27,”≈,31,44,7,30,2,30,0.32,32,,0
27,2021/10/28,”≈,46,122,18,50,2,38,0.49,22,,0
28,2021/10/29,¡º,94,304,66,92,4,60,0.82,20,,0
29,2021/10/30,«·∂»Œ€»æ,126,334,95,97,3,54,0.89,31,,1
30,2021/10/31,¡º,52,175,20,54,2,19,0.38,45,,0
0,2021/11/1,¡º,77,292,57,72,2,42,0.83,15,,0
1,2021/11/2,¡º,91,319,67,75,2,50,0.76,9,,0
2,2021/11/3,«·∂»Œ€»æ,123,337,93,84,2,49,0.81,13,,1
3,2021/11/4,÷–∂»Œ€»æ,163,352,124,102,2,49,0.95,15,,1
4,2021/11/5,÷–∂»Œ€»æ,187,355,142,111,2,48,1.13,17,,1
5,2021/11/6,«·∂»Œ€»æ,117,327,86,71,2,31,1.06,23,,1
6,2021/11/7,”≈,17,14,3,4,2,6,0.3,55,,0
7,2021/11/8,”≈,18,16,3,13,2,7,0.23,58,,0
8,2021/11/9,”≈,20,20,3,12,2,9,0.38,59,,0
9,2021/11/10,”≈,19,11,4,15,2,12,0.21,58,,0
10,2021/11/11,”≈,18,13,4,15,2,13,0.23,53,,0
11,2021/11/12,”≈,37,73,13,39,2,31,0.4,33,,0
12,2021/11/13,¡º,56,169,20,61,3,33,0.49,32,,0
13,2021/11/14,¡º,59,154,21,70,2,37,0.45,27,,0
14,2021/11/15,¡º,75,227,33,99,3,33,0.56,26,,0
15,2021/11/16,¡º,75,210,51,86,2,43,0.84,12,,0
16,2021/11/17,«·∂»Œ€»æ,108,289,81,94,2,52,0.97,11,,1
17,2021/11/18,«·∂»Œ€»æ,130,307,97,97,2,60,1.14,9,,1
18,2021/11/19,”≈,36,76,15,36,2,28,0.46,37,,0
19,2021/11/20,¡º,58,186,29,66,2,43,0.68,7,,0
20,2021/11/21,¡º,96,333,29,132,2,22,0.51,30,,0
21,2021/11/22,”≈,30,97,6,29,2,11,0.23,46,,0
22,2021/11/23,”≈,43,127,16,45,2,41,0.48,18,,0
23,2021/11/24,¡º,64,214,30,78,3,48,0.7,14,,0
24,2021/11/25,¡º,68,214,36,86,3,50,0.77,16,,0
25,2021/11/26,”≈,50,99,21,57,2,38,0.49,25,,0
26,2021/11/27,¡º,81,259,56,87,3,56,0.94,9,,0
27,2021/11/28,«·∂»Œ€»æ,133,343,100,107,3,62,1.18,8,,1
28,2021/11/29,¡º,85,287,63,56,2,33,0.74,19,,0
29,2021/11/30,”≈,19,8,4,18,2,10,0.24,49,,0
0,2021/12/1,”≈,28,40,9,27,2,29,0.38,30,,0
1,2021/12/2,”≈,37,54,11,38,2,23,0.37,40,,0
2,2021/12/3,”≈,41,81,12,43,2,30,0.4,35,,0
3,2021/12/4,”≈,49,109,21,53,2,44,0.63,15,,0
4,2021/12/5,¡º,80,227,55,89,4,62,1.02,7,,0
5,2021/12/6,”≈,43,68,20,44,2,27,0.42,39,,0
6,2021/12/7,”≈,34,42,13,37,2,33,0.45,19,,0
7,2021/12/8,¡º,62,147,39,67,2,53,0.67,6,,0
8,2021/12/9,«·∂»Œ€»æ,122,290,92,65,2,60,0.96,2,,1
9,2021/12/10,¡º,80,151,58,57,2,40,0.75,13,,0
10,2021/12/11,”≈,42,71,22,42,2,25,0.5,31,,0
11,2021/12/12,”≈,21,24,4,17,2,11,0.23,47,,0
12,2021/12/13,”≈,44,130,22,46,2,44,0.55,13,,0
13,2021/12/14,¡º,66,159,47,74,2,54,0.83,8,,0
14,2021/12/15,¡º,85,214,62,94,3,58,1.15,6,,0
15,2021/12/16,”≈,50,101,23,55,2,20,0.49,46,,0
16,2021/12/17,”≈,24,27,7,22,2,13,0.31,47,,0
17,2021/12/18,”≈,43,82,16,44,2,33,0.43,27,,0
18,2021/12/19,¡º,66,233,33,81,3,55,0.67,14,,0
19,2021/12/20,¡º,75,254,37,101,3,53,0.81,18,,0
20,2021/12/21,¡º,59,151,27,69,3,38,0.61,26,,0
21,2021/12/22,”≈,50,103,32,54,3,35,0.64,23,,0
22,2021/12/23,¡º,64,134,45,73,4,44,0.91,7,,0
23,2021/12/24,”≈,23,13,7,20,2,11,0.35,51,,0
24,2021/12/25,”≈,17,1,4,13,2,7,0.3,52,,0
25,2021/12/26,”≈,26,42,9,25,2,19,0.3,38,,0
26,2021/12/27,”≈,49,157,22,51,2,43,0.6,16,,0
27,2021/12/28,¡º,55,132,34,60,4,52,0.88,10,,0
28,2021/12/29,”≈,41,66,11,44,2,20,0.32,49,,0
29,2021/12/30,”≈,36,59,11,37,2,21,0.31,49,,0
30,2021/12/31,”≈,43,57,20,46,3,48,0.63,18,,0
,,,,,,,,,,,,
